Date,Block ,Well,Row,Column,Light.lvl,Replicate,Orientation,Voltage,Amps,PPFD,Notes,,,,,
10/12/20,4,1,1,1,1,1,Top,7.00,0.07,3,,,,,,
10/12/20,4,1,1,1,1,2,Top,7.00,0.07,3,,,,,,
10/12/20,4,1,1,1,1,3,Top,7.00,0.07,3,,,,,,
10/12/20,4,1,1,1,1,4,Top,7.00,0.07,3,,,,,,
10/12/20,4,1,1,1,1,5,Top,7.00,0.07,3,,,,,,
10/12/20,4,1,1,1,1,6,Top,7.00,0.07,3,,,,,,
10/12/20,4,4,1,2,1,1,Top,7.00,0.07,3,,,,,,
10/12/20,4,4,1,2,1,2,Top,7.00,0.07,3,,,,,,
10/12/20,4,4,1,2,1,3,Top,7.00,0.07,3,,,,,,
10/12/20,4,4,1,2,1,4,Top,7.00,0.07,3,,,,,,
10/12/20,4,4,1,2,1,5,Top,7.00,0.07,3,,,,,,
10/12/20,4,4,1,2,1,6,Top,7.00,0.07,3,,,,,,
10/12/20,4,7,1,3,1,1,Top,7.00,0.07,3,,,,,,
10/12/20,4,7,1,3,1,2,Top,7.00,0.07,3,,,,,,
10/12/20,4,7,1,3,1,3,Top,7.00,0.07,3,,,,,,
10/12/20,4,7,1,3,1,4,Top,7.00,0.07,3,,,,,,
10/12/20,4,7,1,3,1,5,Top,7.00,0.07,3,,,,,,
10/12/20,4,7,1,3,1,6,Top,7.00,0.07,3,,,,,,
10/12/20,4,10,1,4,1,1,Top,7.00,0.07,3,,,,,,
10/12/20,4,10,1,4,1,2,Top,7.00,0.07,3,,,,,,
10/12/20,4,10,1,4,1,3,Top,7.00,0.07,3,,,,,,
10/12/20,4,10,1,4,1,4,Top,7.00,0.07,3,,,,,,
10/12/20,4,10,1,4,1,5,Top,7.00,0.07,3,,,,,,
10/12/20,4,10,1,4,1,6,Top,7.00,0.07,3,,,,,,
10/12/20,4,13,1,5,1,1,Top,7.00,0.07,4,,,,,,
10/12/20,4,13,1,5,1,2,Top,7.00,0.07,4,,,,,,
10/12/20,4,13,1,5,1,3,Top,7.00,0.07,4,,,,,,
10/12/20,4,13,1,5,1,4,Top,7.00,0.07,4,,,,,,
10/12/20,4,13,1,5,1,5,Top,7.00,0.07,3,,,,,,
10/12/20,4,13,1,5,1,6,Top,7.00,0.07,4,,,,,,
10/12/20,4,16,1,6,1,1,Top,7.00,0.07,5,,,,,,
10/12/20,4,16,1,6,1,2,Top,7.00,0.07,4,,,,,,
10/12/20,4,16,1,6,1,3,Top,7.00,0.07,5,,,,,,
10/12/20,4,16,1,6,1,4,Top,7.00,0.07,4,,,,,,
10/12/20,4,16,1,6,1,5,Top,7.00,0.07,4,,,,,,
10/12/20,4,16,1,6,1,6,Top,7.00,0.07,4,,,,,,
10/12/20,4,19,1,7,1,1,Top,7.00,0.07,4,,,,,,
10/12/20,4,19,1,7,1,2,Top,7.00,0.07,4,,,,,,
10/12/20,4,19,1,7,1,3,Top,7.00,0.07,4,,,,,,
10/12/20,4,19,1,7,1,4,Top,7.00,0.07,4,,,,,,
10/12/20,4,19,1,7,1,5,Top,7.00,0.07,4,,,,,,
10/12/20,4,19,1,7,1,6,Top,7.00,0.07,5,,,,,,
10/12/20,4,22,1,8,1,1,Top,7.00,0.07,4,,,,,,
10/12/20,4,22,1,8,1,2,Top,7.00,0.07,4,,,,,,
10/12/20,4,22,1,8,1,3,Top,7.00,0.07,4,,,,,,
10/12/20,4,22,1,8,1,4,Top,7.00,0.07,4,,,,,,
10/12/20,4,22,1,8,1,5,Top,7.00,0.07,4,,,,,,
10/12/20,4,22,1,8,1,6,Top,7.00,0.07,5,,,,,,
10/12/20,4,25,1,9,1,1,Top,7.00,0.07,3,,,,,,
10/12/20,4,25,1,9,1,2,Top,7.00,0.07,3,,,,,,
10/12/20,4,25,1,9,1,3,Top,7.00,0.07,3,,,,,,
10/12/20,4,25,1,9,1,4,Top,7.00,0.07,4,,,,,,
10/12/20,4,25,1,9,1,5,Top,7.00,0.07,3,,,,,,
10/12/20,4,25,1,9,1,6,Top,7.00,0.07,3,,,,,,
10/12/20,4,2,2,1,2,1,Top,7.00,0.07,24,,,,,,
10/12/20,4,2,2,1,2,2,Top,7.00,0.30,18,,,,,,
10/12/20,4,2,2,1,2,3,Top,7.00,0.30,19,,,,,,
10/12/20,4,2,2,1,2,4,Top,7.00,0.30,17,,,,,,
10/12/20,4,2,2,1,2,5,Top,7.00,0.30,16,,,,,,
10/12/20,4,2,2,1,2,6,Top,7.00,0.30,19,,,,,,
10/12/20,4,5,2,2,2,1,Top,7.00,0.30,20,,,,,,
10/12/20,4,5,2,2,2,2,Top,7.00,0.30,15,,,,,,
10/12/20,4,5,2,2,2,3,Top,7.00,0.30,14,,,,,,
10/12/20,4,5,2,2,2,4,Top,7.00,0.30,16,,,,,,
10/12/20,4,5,2,2,2,5,Top,7.00,0.30,12,,,,,,
10/12/20,4,5,2,2,2,6,Top,7.00,0.30,17,,,,,,
10/12/20,4,8,2,3,2,1,Top,7.00,0.30,23,,,,,,
10/12/20,4,8,2,3,2,2,Top,7.00,0.30,18,,,,,,
10/12/20,4,8,2,3,2,3,Top,7.00,0.30,17,,,,,,
10/12/20,4,8,2,3,2,4,Top,7.00,0.30,19,,,,,,
10/12/20,4,8,2,3,2,5,Top,7.00,0.30,17,,,,,,
10/12/20,4,8,2,3,2,6,Top,7.00,0.30,19,,,,,,
10/12/20,4,11,2,4,2,1,Top,7.00,0.30,16,,,,,,
10/12/20,4,11,2,4,2,2,Top,7.00,0.30,20,,,,,,
10/12/20,4,11,2,4,2,3,Top,7.00,0.30,15,,,,,,
10/12/20,4,11,2,4,2,4,Top,7.00,0.30,16,,,,,,
10/12/20,4,11,2,4,2,5,Top,7.00,0.30,14,,,,,,
10/12/20,4,11,2,4,2,6,Top,7.00,0.30,19,,,,,,
10/12/20,4,14,2,5,2,1,Top,7.00,0.30,26,,,,,,
10/12/20,4,14,2,5,2,2,Top,7.00,0.30,22,,,,,,
10/12/20,4,14,2,5,2,3,Top,7.00,0.30,23,,,,,,
10/12/20,4,14,2,5,2,4,Top,7.00,0.30,23,,,,,,
10/12/20,4,14,2,5,2,5,Top,7.00,0.30,21,,,,,,
10/12/20,4,14,2,5,2,6,Top,7.00,0.30,23,,,,,,
10/12/20,4,17,2,6,2,1,Top,7.00,0.30,19,,,,,,
10/12/20,4,17,2,6,2,2,Top,7.00,0.30,21,,,,,,
10/12/20,4,17,2,6,2,3,Top,7.00,0.30,19,,,,,,
10/12/20,4,17,2,6,2,4,Top,7.00,0.30,20,,,,,,
10/12/20,4,17,2,6,2,5,Top,7.00,0.30,18,,,,,,
10/12/20,4,17,2,6,2,6,Top,7.00,0.30,19,,,,,,
10/12/20,4,20,2,7,2,1,Top,7.00,0.30,21,,,,,,
10/12/20,4,20,2,7,2,2,Top,7.00,0.30,15,,,,,,
10/12/20,4,20,2,7,2,3,Top,7.00,0.30,16,,,,,,
10/12/20,4,20,2,7,2,4,Top,7.00,0.30,16,,,,,,
10/12/20,4,20,2,7,2,5,Top,7.00,0.30,17,,,,,,
10/12/20,4,20,2,7,2,6,Top,7.00,0.30,16,,,,,,
10/12/20,4,23,2,8,2,1,Top,7.00,0.30,22,,,,,,
10/12/20,4,23,2,8,2,2,Top,7.00,0.30,26,,,,,,
10/12/20,4,23,2,8,2,3,Top,7.00,0.30,21,,,,,,
10/12/20,4,23,2,8,2,4,Top,7.00,0.30,25,,,,,,
10/12/20,4,23,2,8,2,5,Top,7.00,0.30,22,,,,,,
10/12/20,4,23,2,8,2,6,Top,7.00,0.30,27,,,,,,
10/12/20,4,26,2,9,2,1,Top,7.00,0.30,25,,,,,,
10/12/20,4,26,2,9,2,2,Top,7.00,0.30,21,,,,,,
10/12/20,4,26,2,9,2,3,Top,7.00,0.30,22,,,,,,
10/12/20,4,26,2,9,2,4,Top,7.00,0.30,23,,,,,,
10/12/20,4,26,2,9,2,5,Top,7.00,0.30,23,,,,,,
10/12/20,4,26,2,9,2,6,Top,7.00,0.30,21,,,,,,
10/12/20,4,3,3,1,3,1,Top,7.00,0.65,50,,,,,,
10/12/20,4,3,3,1,3,2,Top,7.00,0.65,46,,,,,,
10/12/20,4,3,3,1,3,3,Top,7.00,0.65,45,,,,,,
10/12/20,4,3,3,1,3,4,Top,7.00,0.65,52,,,,,,
10/12/20,4,3,3,1,3,5,Top,7.00,0.65,54,,,,,,
10/12/20,4,3,3,1,3,6,Top,7.00,0.65,51,,,,,,
10/12/20,4,6,3,2,3,1,Top,7.00,0.65,44,,,,,,
10/12/20,4,6,3,2,3,2,Top,7.00,0.65,43,,,,,,
10/12/20,4,6,3,2,3,3,Top,7.00,0.65,40,,,,,,
10/12/20,4,6,3,2,3,4,Top,7.00,0.65,38,,,,,,
10/12/20,4,6,3,2,3,5,Top,7.00,0.65,45,,,,,,
10/12/20,4,6,3,2,3,6,Top,7.00,0.65,43,,,,,,
10/12/20,4,9,3,3,3,1,Top,7.00,0.65,57,,,,,,
10/12/20,4,9,3,3,3,2,Top,7.00,0.65,51,,,,,,
10/12/20,4,9,3,3,3,3,Top,7.00,0.65,58,,,,,,
10/12/20,4,9,3,3,3,4,Top,7.00,0.65,57,,,,,,
10/12/20,4,9,3,3,3,5,Top,7.00,0.65,66,,,,,,
10/12/20,4,9,3,3,3,6,Top,7.00,0.65,53,,,,,,
10/12/20,4,12,3,4,3,1,Top,7.00,0.65,55,,,,,,
10/12/20,4,12,3,4,3,2,Top,7.00,0.65,45,,,,,,
10/12/20,4,12,3,4,3,3,Top,7.00,0.65,45,,,,,,
10/12/20,4,12,3,4,3,4,Top,7.00,0.65,45,,,,,,
10/12/20,4,12,3,4,3,5,Top,7.00,0.65,45,,,,,,
10/12/20,4,12,3,4,3,6,Top,7.00,0.65,45,,,,,,
10/12/20,4,15,3,5,3,1,Top,7.00,0.65,47,,,,,,
10/12/20,4,15,3,5,3,2,Top,7.00,0.65,47,,,,,,
10/12/20,4,15,3,5,3,3,Top,7.00,0.65,47,,,,,,
10/12/20,4,15,3,5,3,4,Top,7.00,0.65,50,,,,,,
10/12/20,4,15,3,5,3,5,Top,7.00,0.65,49,,,,,,
10/12/20,4,15,3,5,3,6,Top,7.00,0.65,51,,,,,,
10/12/20,4,18,3,6,3,1,Top,7.00,0.65,49,,,,,,
10/12/20,4,18,3,6,3,2,Top,7.00,0.65,48,,,,,,
10/12/20,4,18,3,6,3,3,Top,7.00,0.65,43,,,,,,
10/12/20,4,18,3,6,3,4,Top,7.00,0.65,51,,,,,,
10/12/20,4,18,3,6,3,5,Top,7.00,0.65,43,,,,,,
10/12/20,4,18,3,6,3,6,Top,7.00,0.65,51,,,,,,
10/12/20,4,21,3,7,3,1,Top,7.00,0.65,53,,,,,,
10/12/20,4,21,3,7,3,2,Top,7.00,0.65,56,,,,,,
10/12/20,4,21,3,7,3,3,Top,7.00,0.65,50,,,,,,
10/12/20,4,21,3,7,3,4,Top,7.00,0.65,56,,,,,,
10/12/20,4,21,3,7,3,5,Top,7.00,0.65,54,,,,,,
10/12/20,4,21,3,7,3,6,Top,7.00,0.65,54,,,,,,
10/12/20,4,24,3,8,3,1,Top,7.00,0.65,47,,,,,,
10/12/20,4,24,3,8,3,2,Top,7.00,0.65,51,,,,,,
10/12/20,4,24,3,8,3,3,Top,7.00,0.65,48,,,,,,
10/12/20,4,24,3,8,3,4,Top,7.00,0.65,53,,,,,,
10/12/20,4,24,3,8,3,5,Top,7.00,0.65,54,,,,,,
10/12/20,4,24,3,8,3,6,Top,7.00,0.65,46,,,,,,
10/12/20,4,27,3,9,3,1,Top,7.00,0.65,58,,,,,,
10/12/20,4,27,3,9,3,2,Top,7.00,0.65,53,,,,,,
10/12/20,4,27,3,9,3,3,Top,7.00,0.65,61,,,,,,
10/12/20,4,27,3,9,3,4,Top,7.00,0.65,58,,,,,,
10/12/20,4,27,3,9,3,5,Top,7.00,0.65,49,,,,,,
10/12/20,4,27,3,9,3,6,Top,7.00,0.65,61,,,,,,
10/12/20,4,1,1,1,1,1,Bottom,7.00,0.07,4,,,,,,
10/12/20,4,1,1,1,1,2,Bottom,7.00,0.07,4,,,,,,
10/12/20,4,1,1,1,1,3,Bottom,7.00,0.07,4,,,,,,
10/12/20,4,1,1,1,1,4,Bottom,7.00,0.07,4,,,,,,
10/12/20,4,1,1,1,1,5,Bottom,7.00,0.07,5,,,,,,
10/12/20,4,1,1,1,1,6,Bottom,7.00,0.07,5,,,,,,
10/12/20,4,4,1,2,1,1,Bottom,7.00,0.07,4,,,,,,
10/12/20,4,4,1,2,1,2,Bottom,7.00,0.07,4,,,,,,
10/12/20,4,4,1,2,1,3,Bottom,7.00,0.07,4,,,,,,
10/12/20,4,4,1,2,1,4,Bottom,7.00,0.07,4,,,,,,
10/12/20,4,4,1,2,1,5,Bottom,7.00,0.07,5,,,,,,
10/12/20,4,4,1,2,1,6,Bottom,7.00,0.07,4,,,,,,
10/12/20,4,7,1,3,1,1,Bottom,7.00,0.07,4,,,,,,
10/12/20,4,7,1,3,1,2,Bottom,7.00,0.07,4,,,,,,
10/12/20,4,7,1,3,1,3,Bottom,7.00,0.07,5,,,,,,
10/12/20,4,7,1,3,1,4,Bottom,7.00,0.07,4,,,,,,
10/12/20,4,7,1,3,1,5,Bottom,7.00,0.07,4,,,,,,
10/12/20,4,7,1,3,1,6,Bottom,7.00,0.07,4,,,,,,
10/12/20,4,10,1,4,1,1,Bottom,7.00,0.07,4,,,,,,
10/12/20,4,10,1,4,1,2,Bottom,7.00,0.07,5,,,,,,
10/12/20,4,10,1,4,1,3,Bottom,7.00,0.07,5,,,,,,
10/12/20,4,10,1,4,1,4,Bottom,7.00,0.07,5,,,,,,
10/12/20,4,10,1,4,1,5,Bottom,7.00,0.07,5,,,,,,
10/12/20,4,10,1,4,1,6,Bottom,7.00,0.07,4,,,,,,
10/12/20,4,13,1,5,1,1,Bottom,7.00,0.07,4,,,,,,
10/12/20,4,13,1,5,1,2,Bottom,7.00,0.07,5,,,,,,
10/12/20,4,13,1,5,1,3,Bottom,7.00,0.07,5,,,,,,
10/12/20,4,13,1,5,1,4,Bottom,7.00,0.07,5,,,,,,
10/12/20,4,13,1,5,1,5,Bottom,7.00,0.07,5,,,,,,
10/12/20,4,13,1,5,1,6,Bottom,7.00,0.07,6,,,,,,
10/12/20,4,16,1,6,1,1,Bottom,7.00,0.07,6,,,,,,
10/12/20,4,16,1,6,1,2,Bottom,7.00,0.07,6,,,,,,
10/12/20,4,16,1,6,1,3,Bottom,7.00,0.07,6,,,,,,
10/12/20,4,16,1,6,1,4,Bottom,7.00,0.07,6,,,,,,
10/12/20,4,16,1,6,1,5,Bottom,7.00,0.07,6,,,,,,
10/12/20,4,16,1,6,1,6,Bottom,7.00,0.07,6,,,,,,
10/12/20,4,19,1,7,1,1,Bottom,7.00,0.07,6,,,,,,
10/12/20,4,19,1,7,1,2,Bottom,7.00,0.07,6,,,,,,
10/12/20,4,19,1,7,1,3,Bottom,7.00,0.07,6,,,,,,
10/12/20,4,19,1,7,1,4,Bottom,7.00,0.07,5,,,,,,
10/12/20,4,19,1,7,1,5,Bottom,7.00,0.07,5,,,,,,
10/12/20,4,19,1,7,1,6,Bottom,7.00,0.07,6,,,,,,
10/12/20,4,22,1,8,1,1,Bottom,7.00,0.07,6,,,,,,
10/12/20,4,22,1,8,1,2,Bottom,7.00,0.07,6,,,,,,
10/12/20,4,22,1,8,1,3,Bottom,7.00,0.07,6,,,,,,
10/12/20,4,22,1,8,1,4,Bottom,7.00,0.07,6,,,,,,
10/12/20,4,22,1,8,1,5,Bottom,7.00,0.07,7,,,,,,
10/12/20,4,22,1,8,1,6,Bottom,7.00,0.07,7,,,,,,
10/12/20,4,25,1,9,1,1,Bottom,7.00,0.07,4,,,,,,
10/12/20,4,25,1,9,1,2,Bottom,7.00,0.07,3,,,,,,
10/12/20,4,25,1,9,1,3,Bottom,7.00,0.07,3,,,,,,
10/12/20,4,25,1,9,1,4,Bottom,7.00,0.07,5,,,,,,
10/12/20,4,25,1,9,1,5,Bottom,7.00,0.07,6,,,,,,
10/12/20,4,25,1,9,1,6,Bottom,7.00,0.07,5,,,,,,
10/12/20,4,2,2,1,2,1,Bottom,7.00,0.07,27,,,,,,
10/12/20,4,2,2,1,2,2,Bottom,7.00,0.30,24,,,,,,
10/12/20,4,2,2,1,2,3,Bottom,7.00,0.30,26,,,,,,
10/12/20,4,2,2,1,2,4,Bottom,7.00,0.30,28,,,,,,
10/12/20,4,2,2,1,2,5,Bottom,7.00,0.30,26,,,,,,
10/12/20,4,2,2,1,2,6,Bottom,7.00,0.30,26,,,,,,
10/12/20,4,5,2,2,2,1,Bottom,7.00,0.30,22,,,,,,
10/12/20,4,5,2,2,2,2,Bottom,7.00,0.30,20,,,,,,
10/12/20,4,5,2,2,2,3,Bottom,7.00,0.30,22,,,,,,
10/12/20,4,5,2,2,2,4,Bottom,7.00,0.30,24,,,,,,
10/12/20,4,5,2,2,2,5,Bottom,7.00,0.30,22,,,,,,
10/12/20,4,5,2,2,2,6,Bottom,7.00,0.30,21,,,,,,
10/12/20,4,8,2,3,2,1,Bottom,7.00,0.30,26,,,,,,
10/12/20,4,8,2,3,2,2,Bottom,7.00,0.30,24,,,,,,
10/12/20,4,8,2,3,2,3,Bottom,7.00,0.30,27,,,,,,
10/12/20,4,8,2,3,2,4,Bottom,7.00,0.30,28,,,,,,
10/12/20,4,8,2,3,2,5,Bottom,7.00,0.30,26,,,,,,
10/12/20,4,8,2,3,2,6,Bottom,7.00,0.30,25,,,,,,
10/12/20,4,11,2,4,2,1,Bottom,7.00,0.30,23,,,,,,
10/12/20,4,11,2,4,2,2,Bottom,7.00,0.30,23,,,,,,
10/12/20,4,11,2,4,2,3,Bottom,7.00,0.30,23,,,,,,
10/12/20,4,11,2,4,2,4,Bottom,7.00,0.30,23,,,,,,
10/12/20,4,11,2,4,2,5,Bottom,7.00,0.30,22,,,,,,
10/12/20,4,11,2,4,2,6,Bottom,7.00,0.30,24,,,,,,
10/12/20,4,14,2,5,2,1,Bottom,7.00,0.30,32,,,,,,
10/12/20,4,14,2,5,2,2,Bottom,7.00,0.30,29,,,,,,
10/12/20,4,14,2,5,2,3,Bottom,7.00,0.30,32,,,,,,
10/12/20,4,14,2,5,2,4,Bottom,7.00,0.30,33,,,,,,
10/12/20,4,14,2,5,2,5,Bottom,7.00,0.30,34,,,,,,
10/12/20,4,14,2,5,2,6,Bottom,7.00,0.30,32,,,,,,
10/12/20,4,17,2,6,2,1,Bottom,7.00,0.30,26,,,,,,
10/12/20,4,17,2,6,2,2,Bottom,7.00,0.30,27,,,,,,
10/12/20,4,17,2,6,2,3,Bottom,7.00,0.30,27,,,,,,
10/12/20,4,17,2,6,2,4,Bottom,7.00,0.30,30,,,,,,
10/12/20,4,17,2,6,2,5,Bottom,7.00,0.30,27,,,,,,
10/12/20,4,17,2,6,2,6,Bottom,7.00,0.30,26,,,,,,
10/12/20,4,20,2,7,2,1,Bottom,7.00,0.30,24,,,,,,
10/12/20,4,20,2,7,2,2,Bottom,7.00,0.30,24,,,,,,
10/12/20,4,20,2,7,2,3,Bottom,7.00,0.30,25,,,,,,
10/12/20,4,20,2,7,2,4,Bottom,7.00,0.30,23,,,,,,
10/12/20,4,20,2,7,2,5,Bottom,7.00,0.30,24,,,,,,
10/12/20,4,20,2,7,2,6,Bottom,7.00,0.30,19,,,,,,
10/12/20,4,23,2,8,2,1,Bottom,7.00,0.30,33,,,,,,
10/12/20,4,23,2,8,2,2,Bottom,7.00,0.30,34,,,,,,
10/12/20,4,23,2,8,2,3,Bottom,7.00,0.30,33,,,,,,
10/12/20,4,23,2,8,2,4,Bottom,7.00,0.30,33,,,,,,
10/12/20,4,23,2,8,2,5,Bottom,7.00,0.30,34,,,,,,
10/12/20,4,23,2,8,2,6,Bottom,7.00,0.30,33,,,,,,
10/12/20,4,26,2,9,2,1,Bottom,7.00,0.30,33,,,,,,
10/12/20,4,26,2,9,2,2,Bottom,7.00,0.30,30,,,,,,
10/12/20,4,26,2,9,2,3,Bottom,7.00,0.30,33,,,,,,
10/12/20,4,26,2,9,2,4,Bottom,7.00,0.30,32,,,,,,
10/12/20,4,26,2,9,2,5,Bottom,7.00,0.30,34,,,,,,
10/12/20,4,26,2,9,2,6,Bottom,7.00,0.30,32,,,,,,
10/12/20,4,3,3,1,3,1,Bottom,7.00,0.65,69,,,,,,
10/12/20,4,3,3,1,3,2,Bottom,7.00,0.65,65,,,,,,
10/12/20,4,3,3,1,3,3,Bottom,7.00,0.65,69,,,,,,
10/12/20,4,3,3,1,3,4,Bottom,7.00,0.65,70,,,,,,
10/12/20,4,3,3,1,3,5,Bottom,7.00,0.65,71,,,,,,
10/12/20,4,3,3,1,3,6,Bottom,7.00,0.65,67,,,,,,
10/12/20,4,6,3,2,3,1,Bottom,7.00,0.65,61,,,,,,
10/12/20,4,6,3,2,3,2,Bottom,7.00,0.65,60,,,,,,
10/12/20,4,6,3,2,3,3,Bottom,7.00,0.65,57,,,,,,
10/12/20,4,6,3,2,3,4,Bottom,7.00,0.65,55,,,,,,
10/12/20,4,6,3,2,3,5,Bottom,7.00,0.65,59,,,,,,
10/12/20,4,6,3,2,3,6,Bottom,7.00,0.65,57,,,,,,
10/12/20,4,9,3,3,3,1,Bottom,7.00,0.65,78,,,,,,
10/12/20,4,9,3,3,3,2,Bottom,7.00,0.65,79,,,,,,
10/12/20,4,9,3,3,3,3,Bottom,7.00,0.65,79,,,,,,
10/12/20,4,9,3,3,3,4,Bottom,7.00,0.65,74,,,,,,
10/12/20,4,9,3,3,3,5,Bottom,7.00,0.65,73,,,,,,
10/12/20,4,9,3,3,3,6,Bottom,7.00,0.65,76,,,,,,
10/12/20,4,12,3,4,3,1,Bottom,7.00,0.65,64,,,,,,
10/12/20,4,12,3,4,3,2,Bottom,7.00,0.65,62,,,,,,
10/12/20,4,12,3,4,3,3,Bottom,7.00,0.65,63,,,,,,
10/12/20,4,12,3,4,3,4,Bottom,7.00,0.65,64,,,,,,
10/12/20,4,12,3,4,3,5,Bottom,7.00,0.65,67,,,,,,
10/12/20,4,12,3,4,3,6,Bottom,7.00,0.65,61,,,,,,
10/12/20,4,15,3,5,3,1,Bottom,7.00,0.65,66,,,,,,
10/12/20,4,15,3,5,3,2,Bottom,7.00,0.65,66,,,,,,
10/12/20,4,15,3,5,3,3,Bottom,7.00,0.65,68,,,,,,
10/12/20,4,15,3,5,3,4,Bottom,7.00,0.65,67,,,,,,
10/12/20,4,15,3,5,3,5,Bottom,7.00,0.65,66,,,,,,
10/12/20,4,15,3,5,3,6,Bottom,7.00,0.65,65,,,,,,
10/12/20,4,18,3,6,3,1,Bottom,7.00,0.65,64,,,,,,
10/12/20,4,18,3,6,3,2,Bottom,7.00,0.65,63,,,,,,
10/12/20,4,18,3,6,3,3,Bottom,7.00,0.65,65,,,,,,
10/12/20,4,18,3,6,3,4,Bottom,7.00,0.65,63,,,,,,
10/12/20,4,18,3,6,3,5,Bottom,7.00,0.65,64,,,,,,
10/12/20,4,18,3,6,3,6,Bottom,7.00,0.65,63,,,,,,
10/12/20,4,21,3,7,3,1,Bottom,7.00,0.65,73,,,,,,
10/12/20,4,21,3,7,3,2,Bottom,7.00,0.65,70,,,,,,
10/12/20,4,21,3,7,3,3,Bottom,7.00,0.65,74,,,,,,
10/12/20,4,21,3,7,3,4,Bottom,7.00,0.65,77,,,,,,
10/12/20,4,21,3,7,3,5,Bottom,7.00,0.65,75,,,,,,
10/12/20,4,21,3,7,3,6,Bottom,7.00,0.65,72,,,,,,
10/12/20,4,24,3,8,3,1,Bottom,7.00,0.65,70,,,,,,
10/12/20,4,24,3,8,3,2,Bottom,7.00,0.65,69,,,,,,
10/12/20,4,24,3,8,3,3,Bottom,7.00,0.65,67,,,,,,
10/12/20,4,24,3,8,3,4,Bottom,7.00,0.65,70,,,,,,
10/12/20,4,24,3,8,3,5,Bottom,7.00,0.65,70,,,,,,
10/12/20,4,24,3,8,3,6,Bottom,7.00,0.65,67,,,,,,
10/12/20,4,27,3,9,3,1,Bottom,7.00,0.65,75,,,,,,
10/12/20,4,27,3,9,3,2,Bottom,7.00,0.65,83,,,,,,
10/12/20,4,27,3,9,3,3,Bottom,7.00,0.65,89,,,,,,
10/12/20,4,27,3,9,3,4,Bottom,7.00,0.65,78,,,,,,
10/12/20,4,27,3,9,3,5,Bottom,7.00,0.65,74,,,,,,
11/12/20,4,27,3,9,3,6,Bottom,7.00,0.65,74,,,,,,
11/12/20,3,1,1,1,4,1,Top,7.00,1.50,91,,,,,,
11/12/20,3,1,1,1,4,2,Top,7.00,1.50,124,,,,,,
11/12/20,3,1,1,1,4,3,Top,7.00,1.50,109,,,,,,
11/12/20,3,1,1,1,4,4,Top,7.00,1.50,111,,,,,,
11/12/20,3,1,1,1,4,5,Top,7.00,1.50,99,,,,,,
11/12/20,3,1,1,1,4,6,Top,7.00,1.50,115,,,,,,
11/12/20,3,4,1,2,4,1,Top,7.00,1.50,91,,,,,,
11/12/20,3,4,1,2,4,2,Top,7.00,1.50,103,,,,,,
11/12/20,3,4,1,2,4,3,Top,7.00,1.50,96,,,,,,
11/12/20,3,4,1,2,4,4,Top,7.00,1.50,112,,,,,,
11/12/20,3,4,1,2,4,5,Top,7.00,1.50,104,,,,,,
11/12/20,3,4,1,2,4,6,Top,7.00,1.50,122,,,,,,
11/12/20,3,7,1,3,4,1,Top,7.00,1.50,92,,,,,,
11/12/20,3,7,1,3,4,2,Top,7.00,1.50,101,,,,,,
11/12/20,3,7,1,3,4,3,Top,7.00,1.50,93,,,,,,
11/12/20,3,7,1,3,4,4,Top,7.00,1.50,105,,,,,,
11/12/20,3,7,1,3,4,5,Top,7.00,1.50,123,,,,,,
11/12/20,3,7,1,3,4,6,Top,7.00,1.50,120,,,,,,
11/12/20,3,10,1,4,4,1,Top,7.00,1.50,99,,,,,,
11/12/20,3,10,1,4,4,2,Top,7.00,1.50,101,,,,,,
11/12/20,3,10,1,4,4,3,Top,7.00,1.50,99,,,,,,
11/12/20,3,10,1,4,4,4,Top,7.00,1.50,113,,,,,,
11/12/20,3,10,1,4,4,5,Top,7.00,1.50,104,,,,,,
11/12/20,3,10,1,4,4,6,Top,7.00,1.50,115,,,,,,
11/17/20,3,13,1,5,4,1,Top,7.00,1.50,111,,,,,,
11/17/20,3,13,1,5,4,2,Top,7.00,1.50,89,,,,,,
11/17/20,3,13,1,5,4,3,Top,7.00,1.50,100,,,,,,
11/17/20,3,13,1,5,4,4,Top,7.00,1.50,95,,,,,,
11/17/20,3,13,1,5,4,5,Top,7.00,1.50,130,,,,,,
11/17/20,3,13,1,5,4,6,Top,7.00,1.50,110,,,,,,
11/12/20,3,16,1,6,4,1,Top,7.00,1.50,90,,,,,,
11/12/20,3,16,1,6,4,2,Top,7.00,1.50,121,,,,,,
11/12/20,3,16,1,6,4,3,Top,7.00,1.50,108,,,,,,
11/12/20,3,16,1,6,4,4,Top,7.00,1.50,111,,,,,,
11/12/20,3,16,1,6,4,5,Top,7.00,1.50,98,,,,,,
11/12/20,3,16,1,6,4,6,Top,7.00,1.50,107,,,,,,
11/12/20,3,19,1,7,4,1,Top,7.00,1.50,106,,,,,,
11/12/20,3,19,1,7,4,2,Top,7.00,1.50,115,,,,,,
11/12/20,3,19,1,7,4,3,Top,7.00,1.50,107,,,,,,
11/12/20,3,19,1,7,4,4,Top,7.00,1.50,109,,,,,,
11/12/20,3,19,1,7,4,5,Top,7.00,1.50,103,,,,,,
11/12/20,3,19,1,7,4,6,Top,7.00,1.50,113,,,,,,
11/12/20,3,22,1,8,4,1,Top,7.00,1.50,112,,,,,,
11/12/20,3,22,1,8,4,2,Top,7.00,1.50,98,,,,,,
11/12/20,3,22,1,8,4,3,Top,7.00,1.50,116,,,,,,
11/12/20,3,22,1,8,4,4,Top,7.00,1.50,119,,,,,,
11/12/20,3,22,1,8,4,5,Top,7.00,1.50,126,,,,,,
11/12/20,3,22,1,8,4,6,Top,7.00,1.50,117,,,,,,
11/12/20,3,25,1,9,4,1,Top,7.00,1.50,106,,,,,,
11/12/20,3,25,1,9,4,2,Top,7.00,1.50,91,,,,,,
11/12/20,3,25,1,9,4,3,Top,7.00,1.50,110,,,,,,
11/12/20,3,25,1,9,4,4,Top,7.00,1.50,91,,,,,,
11/12/20,3,25,1,9,4,5,Top,7.00,1.50,110,,,,,,
11/12/20,3,25,1,9,4,6,Top,7.00,1.50,101,,,,,,
11/12/20,3,2,2,1,5,1,Top,7.00,2.75,215,,,,,,
11/12/20,3,2,2,1,5,2,Top,7.00,2.75,167,,,,,,
11/12/20,3,2,2,1,5,3,Top,7.00,2.75,199,,,,,,
11/12/20,3,2,2,1,5,4,Top,7.00,2.75,173,,,,,,
11/12/20,3,2,2,1,5,5,Top,7.00,2.75,186,,,,,,
11/12/20,3,2,2,1,5,6,Top,7.00,2.75,169,,,,,,
11/12/20,3,5,2,2,5,1,Top,7.00,2.75,197,,,,,,
11/12/20,3,5,2,2,5,2,Top,7.00,2.75,172,,,,,,
11/12/20,3,5,2,2,5,3,Top,7.00,2.75,173,,,,,,
11/12/20,3,5,2,2,5,4,Top,7.00,2.75,178,,,,,,
11/12/20,3,5,2,2,5,5,Top,7.00,2.75,208,,,,,,
11/12/20,3,5,2,2,5,6,Top,7.00,2.75,192,,,,,,
11/12/20,3,8,2,3,5,1,Top,7.00,2.75,170,,,,,,
11/12/20,3,8,2,3,5,2,Top,7.00,2.75,157,,,,,,
11/12/20,3,8,2,3,5,3,Top,7.00,2.75,185,,,,,,
11/12/20,3,8,2,3,5,4,Top,7.00,2.75,167,,,,,,
11/12/20,3,8,2,3,5,5,Top,7.00,2.75,201,,,,,,
11/12/20,3,8,2,3,5,6,Top,7.00,2.75,198,,,,,,
11/12/20,3,11,2,4,5,1,Top,7.00,2.75,140,,,,,,
11/12/20,3,11,2,4,5,2,Top,7.00,2.75,159,,,,,,
11/12/20,3,11,2,4,5,3,Top,7.00,2.75,170,,,,,,
11/12/20,3,11,2,4,5,4,Top,7.00,2.75,149,,,,,,
11/12/20,3,11,2,4,5,5,Top,7.00,2.75,173,,,,,,
11/12/20,3,11,2,4,5,6,Top,7.00,2.75,174,,,,,,
11/12/20,3,14,2,5,5,1,Top,7.00,2.75,138,,,,,,
11/12/20,3,14,2,5,5,2,Top,7.00,2.75,163,,,,,,
11/12/20,3,14,2,5,5,3,Top,7.00,2.75,155,,,,,,
11/12/20,3,14,2,5,5,4,Top,7.00,2.75,175,,,,,,
11/12/20,3,14,2,5,5,5,Top,7.00,2.75,169,,,,,,
11/12/20,3,14,2,5,5,6,Top,7.00,2.75,200,,,,,,
11/12/20,3,17,2,6,5,1,Top,7.00,2.75,195,,,,,,
11/12/20,3,17,2,6,5,2,Top,7.00,2.75,197,,,,,,
11/12/20,3,17,2,6,5,3,Top,7.00,2.75,172,,,,,,
11/12/20,3,17,2,6,5,4,Top,7.00,2.75,169,,,,,,
11/12/20,3,17,2,6,5,5,Top,7.00,2.75,174,,,,,,
11/12/20,3,17,2,6,5,6,Top,7.00,2.75,180,,,,,,
11/12/20,3,20,2,7,5,1,Top,7.00,2.75,154,,,,,,
11/12/20,3,20,2,7,5,2,Top,7.00,2.75,190,,,,,,
11/12/20,3,20,2,7,5,3,Top,7.00,2.75,165,,,,,,
11/12/20,3,20,2,7,5,4,Top,7.00,2.75,185,,,,,,
11/12/20,3,20,2,7,5,5,Top,7.00,2.75,160,,,,,,
11/12/20,3,20,2,7,5,6,Top,7.00,2.75,182,,,,,,
11/12/20,3,23,2,8,5,1,Top,7.00,2.75,190,,,,,,
11/12/20,3,23,2,8,5,2,Top,7.00,2.75,152,,,,,,
11/12/20,3,23,2,8,5,3,Top,7.00,2.75,167,,,,,,
11/12/20,3,23,2,8,5,4,Top,7.00,2.75,163,,,,,,
11/12/20,3,23,2,8,5,5,Top,7.00,2.75,198,,,,,,
11/12/20,3,23,2,8,5,6,Top,7.00,2.75,168,,,,,,
11/12/20,3,26,2,9,5,1,Top,7.00,2.75,193,,,,,,
11/12/20,3,26,2,9,5,2,Top,7.00,2.75,168,,,,,,
11/12/20,3,26,2,9,5,3,Top,7.00,2.75,166,,,,,,
11/12/20,3,26,2,9,5,4,Top,7.00,2.75,167,,,,,,
11/12/20,3,26,2,9,5,5,Top,7.00,2.75,150,,,,,,
11/12/20,3,26,2,9,5,6,Top,7.00,2.75,168,,,,,,
11/12/20,3,3,3,1,6,1,Top,7.00,5.00,251,,,,,,
11/12/20,3,3,3,1,6,2,Top,7.00,5.00,272,,,,,,
11/12/20,3,3,3,1,6,3,Top,7.00,5.00,239,,,,,,
11/12/20,3,3,3,1,6,4,Top,7.00,5.00,252,,,,,,
11/12/20,3,3,3,1,6,5,Top,7.00,5.00,254,,,,,,
11/12/20,3,3,3,1,6,6,Top,7.00,5.00,311,,,,,,
11/12/20,3,6,3,2,6,1,Top,7.00,5.00,235,,,,,,
11/12/20,3,6,3,2,6,2,Top,7.00,5.00,279,,,,,,
11/12/20,3,6,3,2,6,3,Top,7.00,5.00,263,,,,,,
11/12/20,3,6,3,2,6,4,Top,7.00,5.00,299,,,,,,
11/12/20,3,6,3,2,6,5,Top,7.00,5.00,232,,,,,,
11/12/20,3,6,3,2,6,6,Top,7.00,5.00,282,,,,,,
11/12/20,3,9,3,3,6,1,Top,7.00,5.00,342,,,,,,
11/12/20,3,9,3,3,6,2,Top,7.00,5.00,258,,,,,,
11/12/20,3,9,3,3,6,3,Top,7.00,5.00,285,,,,,,
11/12/20,3,9,3,3,6,4,Top,7.00,5.00,230,,,,,,
11/12/20,3,9,3,3,6,5,Top,7.00,5.00,298,,,,,,
11/12/20,3,9,3,3,6,6,Top,7.00,5.00,276,,,,,,
11/12/20,3,12,3,4,6,1,Top,7.00,5.00,266,,,,,,
11/12/20,3,12,3,4,6,2,Top,7.00,5.00,287,,,,,,
11/12/20,3,12,3,4,6,3,Top,7.00,5.00,258,,,,,,
11/12/20,3,12,3,4,6,4,Top,7.00,5.00,272,,,,,,
11/12/20,3,12,3,4,6,5,Top,7.00,5.00,277,,,,,,
11/12/20,3,12,3,4,6,6,Top,7.00,5.00,319,,,,,,
11/12/20,3,15,3,5,6,1,Top,7.00,5.00,240,,,,,,
11/12/20,3,15,3,5,6,2,Top,7.00,5.00,258,,,,,,
11/12/20,3,15,3,5,6,3,Top,7.00,5.00,246,,,,,,
11/12/20,3,15,3,5,6,4,Top,7.00,5.00,291,,,,,,
11/12/20,3,15,3,5,6,5,Top,7.00,5.00,244,,,,,,
11/12/20,3,15,3,5,6,6,Top,7.00,5.00,307,,,,,,
11/12/20,3,18,3,6,6,1,Top,7.00,5.00,245,,,,,,
11/12/20,3,18,3,6,6,2,Top,7.00,5.00,279,,,,,,
11/12/20,3,18,3,6,6,3,Top,7.00,5.00,258,,,,,,
11/12/20,3,18,3,6,6,4,Top,7.00,5.00,291,,,,,,
11/12/20,3,18,3,6,6,5,Top,7.00,5.00,234,,,,,,
11/12/20,3,18,3,6,6,6,Top,7.00,5.00,280,,,,,,
11/12/20,3,21,3,7,6,1,Top,7.00,5.00,261,,,,,,
11/12/20,3,21,3,7,6,2,Top,7.00,5.00,303,,,,,,
11/12/20,3,21,3,7,6,3,Top,7.00,5.00,288,,,,,,
11/12/20,3,21,3,7,6,4,Top,7.00,5.00,314,,,,,,
11/12/20,3,21,3,7,6,5,Top,7.00,5.00,251,,,,,,
11/12/20,3,21,3,7,6,6,Top,7.00,5.00,302,,,,,,
11/17/20,3,24,3,8,6,1,Top,7.00,5.00,237,,,,,,
11/17/20,3,24,3,8,6,2,Top,7.00,5.00,287,,,,,,
11/17/20,3,24,3,8,6,3,Top,7.00,5.00,258,,,,,,
11/17/20,3,24,3,8,6,4,Top,7.00,5.00,323,,,,,,
11/17/20,3,24,3,8,6,5,Top,7.00,5.00,250,,,,,,
11/17/20,3,24,3,8,6,6,Top,7.00,5.00,309,,,,,,
11/12/20,3,27,3,9,6,1,Top,7.00,5.00,275,,,,,,
11/12/20,3,27,3,9,6,2,Top,7.00,5.00,301,,,,,,
11/12/20,3,27,3,9,6,3,Top,7.00,5.00,324,,,,,,
11/12/20,3,27,3,9,6,4,Top,7.00,5.00,279,,,,,,
11/12/20,3,27,3,9,6,5,Top,7.00,5.00,208,,,,,,
11/12/20,3,27,3,9,6,6,Top,7.00,5.00,263,,,,,,
11/12/20,3,1,1,1,4,1,Bottom,7.00,1.50,128,,,,,,
11/12/20,3,1,1,1,4,2,Bottom,7.00,1.50,144,,,,,,
11/12/20,3,1,1,1,4,3,Bottom,7.00,1.50,138,,,,,,
11/12/20,3,1,1,1,4,4,Bottom,7.00,1.50,134,,,,,,
11/12/20,3,1,1,1,4,5,Bottom,7.00,1.50,131,,,,,,
11/12/20,3,1,1,1,4,6,Bottom,7.00,1.50,144,,,,,,
11/12/20,3,4,1,2,4,1,Bottom,7.00,1.50,136,,,,,,
11/12/20,3,4,1,2,4,2,Bottom,7.00,1.50,142,,,,,,
11/12/20,3,4,1,2,4,3,Bottom,7.00,1.50,132,,,,,,
11/12/20,3,4,1,2,4,4,Bottom,7.00,1.50,133,,,,,,
11/12/20,3,4,1,2,4,5,Bottom,7.00,1.50,131,,,,,,
11/12/20,3,4,1,2,4,6,Bottom,7.00,1.50,142,,,,,,
11/12/20,3,7,1,3,4,1,Bottom,7.00,1.50,139,,,,,,
11/12/20,3,7,1,3,4,2,Bottom,7.00,1.50,142,,,,,,
11/12/20,3,7,1,3,4,3,Bottom,7.00,1.50,142,,,,,,
11/12/20,3,7,1,3,4,4,Bottom,7.00,1.50,133,,,,,,
11/12/20,3,7,1,3,4,5,Bottom,7.00,1.50,131,,,,,,
11/12/20,3,7,1,3,4,6,Bottom,7.00,1.50,147,,,,,,
11/12/20,3,10,1,4,4,1,Bottom,7.00,1.50,138,,,,,,
11/12/20,3,10,1,4,4,2,Bottom,7.00,1.50,134,,,,,,
11/12/20,3,10,1,4,4,3,Bottom,7.00,1.50,139,,,,,,
11/12/20,3,10,1,4,4,4,Bottom,7.00,1.50,137,,,,,,
11/12/20,3,10,1,4,4,5,Bottom,7.00,1.50,129,,,,,,
11/12/20,3,10,1,4,4,6,Bottom,7.00,1.50,137,,,,,,
11/17/20,3,13,1,5,4,1,Bottom,7.00,1.50,135,,,,,,
11/17/20,3,13,1,5,4,2,Bottom,7.00,1.50,142,,,,,,
11/17/20,3,13,1,5,4,3,Bottom,7.00,1.50,134,,,,,,
11/17/20,3,13,1,5,4,4,Bottom,7.00,1.50,134,,,,,,
11/17/20,3,13,1,5,4,5,Bottom,7.00,1.50,139,,,,,,
11/17/20,3,13,1,5,4,6,Bottom,7.00,1.50,138,,,,,,
11/12/20,3,16,1,6,4,1,Bottom,7.00,1.50,128,,,,,,
11/12/20,3,16,1,6,4,2,Bottom,7.00,1.50,145,,,,,,
11/12/20,3,16,1,6,4,3,Bottom,7.00,1.50,138,,,,,,
11/12/20,3,16,1,6,4,4,Bottom,7.00,1.50,134,,,,,,
11/12/20,3,16,1,6,4,5,Bottom,7.00,1.50,136,,,,,,
11/12/20,3,16,1,6,4,6,Bottom,7.00,1.50,142,,,,,,
11/12/20,3,19,1,7,4,1,Bottom,7.00,1.50,144,,,,,,
11/12/20,3,19,1,7,4,2,Bottom,7.00,1.50,151,,,,,,
11/12/20,3,19,1,7,4,3,Bottom,7.00,1.50,138,,,,,,
11/12/20,3,19,1,7,4,4,Bottom,7.00,1.50,142,,,,,,
11/12/20,3,19,1,7,4,5,Bottom,7.00,1.50,142,,,,,,
11/12/20,3,19,1,7,4,6,Bottom,7.00,1.50,152,,,,,,
11/12/20,3,22,1,8,4,1,Bottom,7.00,1.50,140,,,,,,
11/12/20,3,22,1,8,4,2,Bottom,7.00,1.50,150,,,,,,
11/12/20,3,22,1,8,4,3,Bottom,7.00,1.50,146,,,,,,
11/12/20,3,22,1,8,4,4,Bottom,7.00,1.50,147,,,,,,
11/12/20,3,22,1,8,4,5,Bottom,7.00,1.50,152,,,,,,
11/12/20,3,22,1,8,4,6,Bottom,7.00,1.50,149,,,,,,
11/12/20,3,25,1,9,4,1,Bottom,7.00,1.50,130,,,,,,
11/12/20,3,25,1,9,4,2,Bottom,7.00,1.50,132,,,,,,
11/12/20,3,25,1,9,4,3,Bottom,7.00,1.50,134,,,,,,
11/12/20,3,25,1,9,4,4,Bottom,7.00,1.50,126,,,,,,
11/12/20,3,25,1,9,4,5,Bottom,7.00,1.50,135,,,,,,
11/12/20,3,25,1,9,4,6,Bottom,7.00,1.50,135,,,,,,
11/12/20,3,2,2,1,5,1,Bottom,7.00,2.75,230,,,,,,
11/12/20,3,2,2,1,5,2,Bottom,7.00,2.75,227,,,,,,
11/12/20,3,2,2,1,5,3,Bottom,7.00,2.75,250,,,,,,
11/12/20,3,2,2,1,5,4,Bottom,7.00,2.75,239,,,,,,
11/12/20,3,2,2,1,5,5,Bottom,7.00,2.75,256,,,,,,
11/12/20,3,2,2,1,5,6,Bottom,7.00,2.75,221,,,,,,
11/12/20,3,5,2,2,5,1,Bottom,7.00,2.75,244,,,,,,
11/12/20,3,5,2,2,5,2,Bottom,7.00,2.75,251,,,,,,
11/12/20,3,5,2,2,5,3,Bottom,7.00,2.75,241,,,,,,
11/12/20,3,5,2,2,5,4,Bottom,7.00,2.75,259,,,,,,
11/12/20,3,5,2,2,5,5,Bottom,7.00,2.75,261,,,,,,
11/12/20,3,5,2,2,5,6,Bottom,7.00,2.75,240,,,,,,
11/12/20,3,8,2,3,5,1,Bottom,7.00,2.75,246,,,,,,
11/12/20,3,8,2,3,5,2,Bottom,7.00,2.75,251,,,,,,
11/12/20,3,8,2,3,5,3,Bottom,7.00,2.75,232,,,,,,
11/12/20,3,8,2,3,5,4,Bottom,7.00,2.75,219,,,,,,
11/12/20,3,8,2,3,5,5,Bottom,7.00,2.75,229,,,,,,
11/12/20,3,8,2,3,5,6,Bottom,7.00,2.75,255,,,,,,
11/12/20,3,11,2,4,5,1,Bottom,7.00,2.75,203,,,,,,
11/12/20,3,11,2,4,5,2,Bottom,7.00,2.75,232,,,,,,
11/12/20,3,11,2,4,5,3,Bottom,7.00,2.75,235,,,,,,
11/12/20,3,11,2,4,5,4,Bottom,7.00,2.75,199,,,,,,
11/12/20,3,11,2,4,5,5,Bottom,7.00,2.75,211,,,,,,
11/12/20,3,11,2,4,5,6,Bottom,7.00,2.75,218,,,,,,
11/12/20,3,14,2,5,5,1,Bottom,7.00,2.75,201,,,,,,
11/12/20,3,14,2,5,5,2,Bottom,7.00,2.75,226,,,,,,
11/12/20,3,14,2,5,5,3,Bottom,7.00,2.75,224,,,,,,
11/12/20,3,14,2,5,5,4,Bottom,7.00,2.75,229,,,,,,
11/12/20,3,14,2,5,5,5,Bottom,7.00,2.75,228,,,,,,
11/12/20,3,14,2,5,5,6,Bottom,7.00,2.75,225,,,,,,
11/12/20,3,17,2,6,5,1,Bottom,7.00,2.75,236,,,,,,
11/12/20,3,17,2,6,5,2,Bottom,7.00,2.75,274,,,,,,
11/12/20,3,17,2,6,5,3,Bottom,7.00,2.75,217,,,,,,
11/12/20,3,17,2,6,5,4,Bottom,7.00,2.75,221,,,,,,
11/12/20,3,17,2,6,5,5,Bottom,7.00,2.75,223,,,,,,
11/12/20,3,17,2,6,5,6,Bottom,7.00,2.75,254,,,,,,
11/12/20,3,20,2,7,5,1,Bottom,7.00,2.75,199,,,,,,
11/12/20,3,20,2,7,5,2,Bottom,7.00,2.75,228,,,,,,
11/12/20,3,20,2,7,5,3,Bottom,7.00,2.75,230,,,,,,
11/12/20,3,20,2,7,5,4,Bottom,7.00,2.75,216,,,,,,
11/12/20,3,20,2,7,5,5,Bottom,7.00,2.75,221,,,,,,
11/12/20,3,20,2,7,5,6,Bottom,7.00,2.75,234,,,,,,
11/12/20,3,23,2,8,5,1,Bottom,7.00,2.75,214,,,,,,
11/12/20,3,23,2,8,5,2,Bottom,7.00,2.75,221,,,,,,
11/12/20,3,23,2,8,5,3,Bottom,7.00,2.75,225,,,,,,
11/12/20,3,23,2,8,5,4,Bottom,7.00,2.75,220,,,,,,
11/12/20,3,23,2,8,5,5,Bottom,7.00,2.75,230,,,,,,
11/12/20,3,23,2,8,5,6,Bottom,7.00,2.75,220,,,,,,
11/12/20,3,26,2,9,5,1,Bottom,7.00,2.75,222,,,,,,
11/12/20,3,26,2,9,5,2,Bottom,7.00,2.75,209,,,,,,
11/12/20,3,26,2,9,5,3,Bottom,7.00,2.75,225,,,,,,
11/12/20,3,26,2,9,5,4,Bottom,7.00,2.75,217,,,,,,
11/12/20,3,26,2,9,5,5,Bottom,7.00,2.75,219,,,,,,
11/12/20,3,26,2,9,5,6,Bottom,7.00,2.75,219,,,,,,
11/12/20,3,3,3,1,6,1,Bottom,7.00,5.00,332,,,,,,
11/12/20,3,3,3,1,6,2,Bottom,7.00,5.00,376,,,,,,
11/12/20,3,3,3,1,6,3,Bottom,7.00,5.00,342,,,,,,
11/12/20,3,3,3,1,6,4,Bottom,7.00,5.00,330,,,,,,
11/12/20,3,3,3,1,6,5,Bottom,7.00,5.00,325,,,,,,
11/12/20,3,3,3,1,6,6,Bottom,7.00,5.00,349,,,,,,
11/12/20,3,6,3,2,6,1,Bottom,7.00,5.00,309,,,,,,
11/12/20,3,6,3,2,6,2,Bottom,7.00,5.00,336,,,,,,
11/12/20,3,6,3,2,6,3,Bottom,7.00,5.00,356,,,,,,
11/12/20,3,6,3,2,6,4,Bottom,7.00,5.00,326,,,,,,
11/12/20,3,6,3,2,6,5,Bottom,7.00,5.00,316,,,,,,
11/12/20,3,6,3,2,6,6,Bottom,7.00,5.00,322,,,,,,
11/12/20,3,9,3,3,6,1,Bottom,7.00,5.00,354,,,,,,
11/12/20,3,9,3,3,6,2,Bottom,7.00,5.00,361,,,,,,
11/12/20,3,9,3,3,6,3,Bottom,7.00,5.00,352,,,,,,
11/12/20,3,9,3,3,6,4,Bottom,7.00,5.00,335,,,,,,
11/12/20,3,9,3,3,6,5,Bottom,7.00,5.00,371,,,,,,
11/12/20,3,9,3,3,6,6,Bottom,7.00,5.00,351,,,,,,
11/12/20,3,12,3,4,6,1,Bottom,7.00,5.00,366,,,,,,
11/12/20,3,12,3,4,6,2,Bottom,7.00,5.00,398,,,,,,
11/12/20,3,12,3,4,6,3,Bottom,7.00,5.00,370,,,,,,
11/12/20,3,12,3,4,6,4,Bottom,7.00,5.00,358,,,,,,
11/12/20,3,12,3,4,6,5,Bottom,7.00,5.00,375,,,,,,
11/12/20,3,12,3,4,6,6,Bottom,7.00,5.00,411,,,,,,
11/12/20,3,15,3,5,6,1,Bottom,7.00,5.00,327,,,,,,
11/12/20,3,15,3,5,6,2,Bottom,7.00,5.00,346,,,,,,
11/12/20,3,15,3,5,6,3,Bottom,7.00,5.00,357,,,,,,
11/12/20,3,15,3,5,6,4,Bottom,7.00,5.00,330,,,,,,
11/12/20,3,15,3,5,6,5,Bottom,7.00,5.00,322,,,,,,
11/12/20,3,15,3,5,6,6,Bottom,7.00,5.00,355,,,,,,
11/12/20,3,18,3,6,6,1,Bottom,7.00,5.00,321,,,,,,
11/12/20,3,18,3,6,6,2,Bottom,7.00,5.00,342,,,,,,
11/12/20,3,18,3,6,6,3,Bottom,7.00,5.00,342,,,,,,
11/12/20,3,18,3,6,6,4,Bottom,7.00,5.00,322,,,,,,
11/12/20,3,18,3,6,6,5,Bottom,7.00,5.00,325,,,,,,
11/12/20,3,18,3,6,6,6,Bottom,7.00,5.00,367,,,,,,
11/12/20,3,21,3,7,6,1,Bottom,7.00,5.00,337,,,,,,
11/12/20,3,21,3,7,6,2,Bottom,7.00,5.00,364,,,,,,
11/12/20,3,21,3,7,6,3,Bottom,7.00,5.00,382,,,,,,
11/12/20,3,21,3,7,6,4,Bottom,7.00,5.00,373,,,,,,
11/12/20,3,21,3,7,6,5,Bottom,7.00,5.00,344,,,,,,
11/12/20,3,21,3,7,6,6,Bottom,7.00,5.00,367,,,,,,
11/17/20,3,24,3,8,6,1,Bottom,7.00,5.00,337,,,,,,
11/17/20,3,24,3,8,6,2,Bottom,7.00,5.00,335,,,,,,
11/17/20,3,24,3,8,6,3,Bottom,7.00,5.00,348,,,,,,
11/17/20,3,24,3,8,6,4,Bottom,7.00,5.00,337,,,,,,
11/17/20,3,24,3,8,6,5,Bottom,7.00,5.00,341,,,,,,
11/17/20,3,24,3,8,6,6,Bottom,7.00,5.00,355,,,,,,
11/12/20,3,27,3,9,6,1,Bottom,7.00,5.00,327,,,,,,
11/12/20,3,27,3,9,6,2,Bottom,7.00,5.00,312,,,,,,
11/12/20,3,27,3,9,6,3,Bottom,7.00,5.00,346,,,,,,
11/12/20,3,27,3,9,6,4,Bottom,7.00,5.00,321,,,,,,
11/12/20,3,27,3,9,6,5,Bottom,7.00,5.00,340,,,,,,
11/12/20,3,27,3,9,6,6,Bottom,7.00,5.00,323,,,,,,