Name,Date,Time,Species,TGB_number,Sample_ID,Replicate,Treatment,Light.lvl,RFU_raw,Notes
Tamara Layden,12/1/20,11:30,C. reinhardtii,4,1,A,1,1,906.07,
Tamara Layden,12/1/20,11:30,C. reinhardtii,4,1,B,1,1,907.72,
Tamara Layden,12/1/20,11:30,C. reinhardtii,4,1,C,1,1,815.03,
Tamara Layden,12/1/20,11:30,C. reinhardtii,4,4,A,2,1,759.38,
Tamara Layden,12/1/20,11:30,C. reinhardtii,4,4,B,2,1,826.5,
Tamara Layden,12/1/20,11:30,C. reinhardtii,4,4,C,2,1,881.45,
Tamara Layden,12/1/20,11:31,C. reinhardtii,4,7,A,3,1,657.43,
Tamara Layden,12/1/20,11:31,C. reinhardtii,4,7,B,3,1,678.45,
Tamara Layden,12/1/20,11:31,C. reinhardtii,4,7,C,3,1,680.17,
Tamara Layden,12/1/20,11:31,C. reinhardtii,4,10,A,4,1,602.62,
Tamara Layden,12/1/20,11:31,C. reinhardtii,4,10,B,4,1,549.95,
Tamara Layden,12/1/20,11:31,C. reinhardtii,4,10,C,4,1,543.96,
Tamara Layden,12/1/20,11:32,C. reinhardtii,4,13,A,5,1,709.71,
Tamara Layden,12/1/20,11:33,C. reinhardtii,4,13,B,5,1,775.2,
Tamara Layden,12/1/20,11:33,C. reinhardtii,4,13,C,5,1,698.36,
Tamara Layden,12/1/20,11:33,C. reinhardtii,4,16,A,6,1,674.71,
Tamara Layden,12/1/20,11:33,C. reinhardtii,4,16,B,6,1,531.26,
Tamara Layden,12/1/20,11:33,C. reinhardtii,4,16,C,6,1,723.86,
Tamara Layden,12/1/20,11:34,C. reinhardtii,4,19,A,7,1,550.26,
Tamara Layden,12/1/20,11:34,C. reinhardtii,4,19,B,7,1,741.01,
Tamara Layden,12/1/20,11:34,C. reinhardtii,4,19,C,7,1,710.6,
Tamara Layden,12/1/20,11:34,C. reinhardtii,4,22,A,8,1,1201.25,
Tamara Layden,12/1/20,11:34,C. reinhardtii,4,22,B,8,1,886.55,
Tamara Layden,12/1/20,11:34,C. reinhardtii,4,22,C,8,1,875.46,
Tamara Layden,12/1/20,11:35,C. reinhardtii,4,25,A,9,1,713.11,
Tamara Layden,12/1/20,11:35,C. reinhardtii,4,25,B,9,1,1105.09,
Tamara Layden,12/1/20,11:35,C. reinhardtii,4,25,C,9,1,759.57,
Tamara Layden,12/1/20,11:35,C. reinhardtii,4,2,A,1,2,628.37,
Tamara Layden,12/1/20,11:35,C. reinhardtii,4,2,B,1,2,725.79,
Tamara Layden,12/1/20,11:36,C. reinhardtii,4,2,C,1,2,743.45,
Tamara Layden,12/1/20,11:36,C. reinhardtii,4,5,A,2,2,787.46,
Tamara Layden,12/1/20,11:36,C. reinhardtii,4,5,B,2,2,784.81,
Tamara Layden,12/1/20,11:36,C. reinhardtii,4,5,C,2,2,772.99,
Tamara Layden,12/1/20,11:36,C. reinhardtii,4,8,A,3,2,717.81,
Tamara Layden,12/1/20,11:36,C. reinhardtii,4,8,B,3,2,733.31,
Tamara Layden,12/1/20,11:37,C. reinhardtii,4,8,C,3,2,673.27,
Tamara Layden,12/1/20,11:37,C. reinhardtii,4,11,A,4,2,872.03,
Tamara Layden,12/1/20,11:37,C. reinhardtii,4,11,B,4,2,863.19,
Tamara Layden,12/1/20,11:37,C. reinhardtii,4,11,C,4,2,818.16,
Tamara Layden,12/1/20,11:37,C. reinhardtii,4,14,A,5,2,843.13,
Tamara Layden,12/1/20,11:38,C. reinhardtii,4,14,B,5,2,759.64,
Tamara Layden,12/1/20,11:38,C. reinhardtii,4,14,C,5,2,841.2,
Tamara Layden,12/1/20,11:38,C. reinhardtii,4,17,A,6,2,2372.86,
Tamara Layden,12/1/20,11:39,C. reinhardtii,4,17,B,6,2,717.79,
Tamara Layden,12/1/20,11:39,C. reinhardtii,4,17,C,6,2,905.87,
Tamara Layden,12/1/20,11:39,C. reinhardtii,4,20,A,7,2,484.48,
Tamara Layden,12/1/20,11:39,C. reinhardtii,4,20,B,7,2,806.72,
Tamara Layden,12/1/20,11:39,C. reinhardtii,4,20,C,7,2,949.86,
Tamara Layden,12/1/20,11:39,C. reinhardtii,4,23,A,8,2,1160.62,
Tamara Layden,12/1/20,11:40,C. reinhardtii,4,23,B,8,2,1210.56,
Tamara Layden,12/1/20,11:40,C. reinhardtii,4,23,C,8,2,1109.65,
Tamara Layden,12/1/20,11:40,C. reinhardtii,4,26,A,9,2,936.07,
Tamara Layden,12/1/20,11:40,C. reinhardtii,4,26,B,9,2,1354.99,
Tamara Layden,12/1/20,11:40,C. reinhardtii,4,26,C,9,2,1015.79,
Tamara Layden,12/1/20,11:41,C. reinhardtii,4,3,A,1,3,736.95,
Tamara Layden,12/1/20,11:41,C. reinhardtii,4,3,B,1,3,665.61,
Tamara Layden,12/1/20,11:41,C. reinhardtii,4,3,C,1,3,690.06,
Tamara Layden,12/1/20,11:42,C. reinhardtii,4,6,A,2,3,592.52,
Tamara Layden,12/1/20,11:42,C. reinhardtii,4,6,B,2,3,582.1,
Tamara Layden,12/1/20,11:42,C. reinhardtii,4,6,C,2,3,564.49,
Tamara Layden,12/1/20,11:42,C. reinhardtii,4,9,A,3,3,868.64,
Tamara Layden,12/1/20,11:42,C. reinhardtii,4,9,B,3,3,843.42,
Tamara Layden,12/1/20,11:42,C. reinhardtii,4,9,C,3,3,864.98,
Tamara Layden,12/1/20,11:42,C. reinhardtii,4,12,A,4,3,731.29,
Tamara Layden,12/1/20,11:43,C. reinhardtii,4,12,B,4,3,844.58,
Tamara Layden,12/1/20,11:43,C. reinhardtii,4,12,C,4,3,740.84,
Tamara Layden,12/1/20,11:43,C. reinhardtii,4,15,A,5,3,724.78,
Tamara Layden,12/1/20,11:43,C. reinhardtii,4,15,B,5,3,764.25,
Tamara Layden,12/1/20,11:43,C. reinhardtii,4,15,C,5,3,701.28,
Tamara Layden,12/1/20,11:43,C. reinhardtii,4,18,A,6,3,1227.16,
Tamara Layden,12/1/20,11:44,C. reinhardtii,4,18,B,6,3,1124.73,
Tamara Layden,12/1/20,11:44,C. reinhardtii,4,18,C,6,3,1331.6,
Tamara Layden,12/1/20,11:44,C. reinhardtii,4,21,A,7,3,1270.96,
Tamara Layden,12/1/20,11:44,C. reinhardtii,4,21,B,7,3,1935.45,
Tamara Layden,12/1/20,11:44,C. reinhardtii,4,21,C,7,3,1205.1,
Tamara Layden,12/1/20,11:44,C. reinhardtii,4,24,A,8,3,530.68,
Tamara Layden,12/1/20,11:44,C. reinhardtii,4,24,B,8,3,551.81,
Tamara Layden,12/1/20,11:45,C. reinhardtii,4,24,C,8,3,757.13,
Tamara Layden,12/1/20,11:45,C. reinhardtii,4,27,A,9,3,881.48,
Tamara Layden,12/1/20,11:45,C. reinhardtii,4,27,B,9,3,1900.23,
Tamara Layden,12/1/20,11:45,C. reinhardtii,4,27,C,9,3,1159.46,
Tamara Layden,12/1/20,11:45,C. reinhardtii,3,1,A,1,4,554.78,
Tamara Layden,12/1/20,11:45,C. reinhardtii,3,1,B,1,4,536.58,
Tamara Layden,12/1/20,11:45,C. reinhardtii,3,1,C,1,4,481.17,
Tamara Layden,12/1/20,11:46,C. reinhardtii,3,4,A,2,4,634.81,
Tamara Layden,12/1/20,11:46,C. reinhardtii,3,4,B,2,4,651.12,
Tamara Layden,12/1/20,11:46,C. reinhardtii,3,4,C,2,4,652.13,
Tamara Layden,12/1/20,11:46,C. reinhardtii,3,7,A,3,4,588.16,
Tamara Layden,12/1/20,11:46,C. reinhardtii,3,7,B,3,4,603.9,
Tamara Layden,12/1/20,11:46,C. reinhardtii,3,7,C,3,4,588.51,
Tamara Layden,12/1/20,11:47,C. reinhardtii,3,10,A,4,4,635.45,
Tamara Layden,12/1/20,11:47,C. reinhardtii,3,10,B,4,4,568.41,
Tamara Layden,12/1/20,11:47,C. reinhardtii,3,10,C,4,4,622.29,
Tamara Layden,12/1/20,11:47,C. reinhardtii,3,13,A,5,4,728.25,
Tamara Layden,12/1/20,11:47,C. reinhardtii,3,13,B,5,4,668.27,
Tamara Layden,12/1/20,11:47,C. reinhardtii,3,13,C,5,4,625.24,
Tamara Layden,12/1/20,11:47,C. reinhardtii,3,16,A,6,4,398.58,
Tamara Layden,12/1/20,11:48,C. reinhardtii,3,16,B,6,4,465.93,
Tamara Layden,12/1/20,11:48,C. reinhardtii,3,16,C,6,4,400.53,
Tamara Layden,12/1/20,11:48,C. reinhardtii,3,19,A,7,4,626.36,
Tamara Layden,12/1/20,11:48,C. reinhardtii,3,19,B,7,4,521.54,
Tamara Layden,12/1/20,11:48,C. reinhardtii,3,19,C,7,4,358.93,
Tamara Layden,12/1/20,11:49,C. reinhardtii,3,22,A,8,4,499.01,
Tamara Layden,12/1/20,11:49,C. reinhardtii,3,22,B,8,4,700.37,
Tamara Layden,12/1/20,11:49,C. reinhardtii,3,22,C,8,4,1631.89,
Tamara Layden,12/1/20,11:49,C. reinhardtii,3,25,A,9,4,1634.98,
Tamara Layden,12/1/20,11:49,C. reinhardtii,3,25,B,9,4,388.56,
Tamara Layden,12/1/20,11:49,C. reinhardtii,3,25,C,9,4,787.23,
Tamara Layden,12/1/20,11:50,C. reinhardtii,3,2,A,1,5,1097.52,
Tamara Layden,12/1/20,11:50,C. reinhardtii,3,2,B,1,5,1078.19,
Tamara Layden,12/1/20,11:50,C. reinhardtii,3,2,C,1,5,1067.37,
Tamara Layden,12/1/20,11:50,C. reinhardtii,3,5,A,2,5,747.36,
Tamara Layden,12/1/20,11:50,C. reinhardtii,3,5,B,2,5,705.5,
Tamara Layden,12/1/20,11:51,C. reinhardtii,3,5,C,2,5,704.56,
Tamara Layden,12/1/20,11:51,C. reinhardtii,3,8,A,3,5,578.11,
Tamara Layden,12/1/20,11:51,C. reinhardtii,3,8,B,3,5,555.54,
Tamara Layden,12/1/20,11:51,C. reinhardtii,3,8,C,3,5,638.06,
Tamara Layden,12/1/20,11:51,C. reinhardtii,3,11,A,4,5,543.52,
Tamara Layden,12/1/20,11:51,C. reinhardtii,3,11,B,4,5,445.68,
Tamara Layden,12/1/20,11:51,C. reinhardtii,3,11,C,4,5,884.5,
Tamara Layden,12/1/20,11:52,C. reinhardtii,3,14,A,5,5,494.64,
Tamara Layden,12/1/20,11:52,C. reinhardtii,3,14,B,5,5,495.94,
Tamara Layden,12/1/20,11:52,C. reinhardtii,3,14,C,5,5,819.89,
Tamara Layden,12/1/20,11:52,C. reinhardtii,3,17,A,6,5,471.33,
Tamara Layden,12/1/20,11:52,C. reinhardtii,3,17,B,6,5,726.89,
Tamara Layden,12/1/20,11:52,C. reinhardtii,3,17,C,6,5,650.72,
Tamara Layden,12/1/20,11:52,C. reinhardtii,3,20,A,7,5,351.91,
Tamara Layden,12/1/20,11:53,C. reinhardtii,3,20,B,7,5,375.55,
Tamara Layden,12/1/20,11:53,C. reinhardtii,3,20,C,7,5,1118.04,
Tamara Layden,12/1/20,11:53,C. reinhardtii,3,23,A,8,5,1326.3,
Tamara Layden,12/1/20,11:53,C. reinhardtii,3,23,B,8,5,1363.11,
Tamara Layden,12/1/20,11:53,C. reinhardtii,3,23,C,8,5,711.49,
Tamara Layden,12/1/20,11:53,C. reinhardtii,3,26,A,9,5,1012.57,
Tamara Layden,12/1/20,11:54,C. reinhardtii,3,26,B,9,5,1033.56,
Tamara Layden,12/1/20,11:54,C. reinhardtii,3,26,C,9,5,709.73,
Tamara Layden,12/1/20,11:54,C. reinhardtii,3,3,A,1,6,793.04,
Tamara Layden,12/1/20,11:54,C. reinhardtii,3,3,B,1,6,792.31,
Tamara Layden,12/1/20,11:54,C. reinhardtii,3,3,C,1,6,1079.96,
Tamara Layden,12/1/20,11:54,C. reinhardtii,3,6,A,2,6,677.11,
Tamara Layden,12/1/20,11:54,C. reinhardtii,3,6,B,2,6,660.69,
Tamara Layden,12/1/20,11:55,C. reinhardtii,3,6,C,2,6,924.05,
Tamara Layden,12/1/20,11:55,C. reinhardtii,3,9,A,3,6,839.72,
Tamara Layden,12/1/20,11:55,C. reinhardtii,3,9,B,3,6,678.84,
Tamara Layden,12/1/20,11:55,C. reinhardtii,3,9,C,3,6,786.26,
Tamara Layden,12/1/20,11:55,C. reinhardtii,3,12,A,4,6,925.15,
Tamara Layden,12/1/20,11:55,C. reinhardtii,3,12,B,4,6,775.81,
Tamara Layden,12/1/20,11:55,C. reinhardtii,3,12,C,4,6,816.02,
Tamara Layden,12/1/20,11:56,C. reinhardtii,3,15,A,5,6,947.31,
Tamara Layden,12/1/20,11:56,C. reinhardtii,3,15,B,5,6,1123.59,
Tamara Layden,12/1/20,11:56,C. reinhardtii,3,15,C,5,6,1169.65,
Tamara Layden,12/1/20,11:56,C. reinhardtii,3,18,A,6,6,492.32,
Tamara Layden,12/1/20,11:56,C. reinhardtii,3,18,B,6,6,643.67,
Tamara Layden,12/1/20,11:56,C. reinhardtii,3,18,C,6,6,876.54,
Tamara Layden,12/1/20,11:57,C. reinhardtii,3,21,A,7,6,1206.47,
Tamara Layden,12/1/20,11:57,C. reinhardtii,3,21,B,7,6,562.85,
Tamara Layden,12/1/20,11:57,C. reinhardtii,3,21,C,7,6,418.25,
Tamara Layden,12/1/20,11:57,C. reinhardtii,3,24,A,8,6,501.78,
Tamara Layden,12/1/20,11:57,C. reinhardtii,3,24,B,8,6,355.22,
Tamara Layden,12/1/20,11:57,C. reinhardtii,3,24,C,8,6,357.08,
Tamara Layden,12/1/20,11:57,C. reinhardtii,3,27,A,9,6,913.27,
Tamara Layden,12/1/20,11:58,C. reinhardtii,3,27,B,9,6,801.45,
Tamara Layden,12/1/20,11:58,C. reinhardtii,3,27,C,9,6,561.01,
Tamara Layden,12/2/20,8:13,C. reinhardtii,4,1,A,1,1,972.58,
Tamara Layden,12/2/20,8:13,C. reinhardtii,4,1,B,1,1,961.86,
Tamara Layden,12/2/20,8:13,C. reinhardtii,4,1,C,1,1,1133.58,
Tamara Layden,12/2/20,8:14,C. reinhardtii,4,4,A,2,1,1176.12,
Tamara Layden,12/2/20,8:14,C. reinhardtii,4,4,B,2,1,1109.57,
Tamara Layden,12/2/20,8:14,C. reinhardtii,4,4,C,2,1,1002.5,
Tamara Layden,12/2/20,8:14,C. reinhardtii,4,7,A,3,1,1046.33,
Tamara Layden,12/2/20,8:14,C. reinhardtii,4,7,B,3,1,996.69,
Tamara Layden,12/2/20,8:14,C. reinhardtii,4,7,C,3,1,588.12,
Tamara Layden,12/2/20,8:15,C. reinhardtii,4,10,A,4,1,1012.91,
Tamara Layden,12/2/20,8:15,C. reinhardtii,4,10,B,4,1,940.19,
Tamara Layden,12/2/20,8:15,C. reinhardtii,4,10,C,4,1,1010.67,
Tamara Layden,12/2/20,8:15,C. reinhardtii,4,13,A,5,1,1248.5,
Tamara Layden,12/2/20,8:15,C. reinhardtii,4,13,B,5,1,1044.7,
Tamara Layden,12/2/20,8:15,C. reinhardtii,4,13,C,5,1,1206.12,
Tamara Layden,12/2/20,8:15,C. reinhardtii,4,16,A,6,1,1099.48,
Tamara Layden,12/2/20,8:16,C. reinhardtii,4,16,B,6,1,1625,
Tamara Layden,12/2/20,8:16,C. reinhardtii,4,16,C,6,1,1663.83,
Tamara Layden,12/2/20,8:16,C. reinhardtii,4,19,A,7,1,809.09,
Tamara Layden,12/2/20,8:16,C. reinhardtii,4,19,B,7,1,1416.01,
Tamara Layden,12/2/20,8:16,C. reinhardtii,4,19,C,7,1,1001.94,
Tamara Layden,12/2/20,8:16,C. reinhardtii,4,22,A,8,1,1311.37,
Tamara Layden,12/2/20,8:17,C. reinhardtii,4,22,B,8,1,1148.66,
Tamara Layden,12/2/20,8:17,C. reinhardtii,4,22,C,8,1,1194.46,
Tamara Layden,12/2/20,8:17,C. reinhardtii,4,25,A,9,1,58.48,
Tamara Layden,12/2/20,8:17,C. reinhardtii,4,25,B,9,1,68.38,
Tamara Layden,12/2/20,8:17,C. reinhardtii,4,25,C,9,1,54.33,
Tamara Layden,12/2/20,8:23,C. reinhardtii,4,2,A,1,2,987.86,
Tamara Layden,12/2/20,8:23,C. reinhardtii,4,2,B,1,2,948.74,
Tamara Layden,12/2/20,8:23,C. reinhardtii,4,2,C,1,2,874.99,
Tamara Layden,12/2/20,8:23,C. reinhardtii,4,5,A,2,2,1268.01,
Tamara Layden,12/2/20,8:23,C. reinhardtii,4,5,B,2,2,1404.99,
Tamara Layden,12/2/20,8:24,C. reinhardtii,4,5,C,2,2,1281.2,
Tamara Layden,12/2/20,8:24,C. reinhardtii,4,8,A,3,2,1361.67,
Tamara Layden,12/2/20,8:24,C. reinhardtii,4,8,B,3,2,1197.7,
Tamara Layden,12/2/20,8:24,C. reinhardtii,4,8,C,3,2,1388.79,
Tamara Layden,12/2/20,8:24,C. reinhardtii,4,11,A,4,2,2230.91,
Tamara Layden,12/2/20,8:24,C. reinhardtii,4,11,B,4,2,2102.15,
Tamara Layden,12/2/20,8:25,C. reinhardtii,4,11,C,4,2,2048.21,
Tamara Layden,12/2/20,8:25,C. reinhardtii,4,14,A,5,2,3670.71,
Tamara Layden,12/2/20,8:25,C. reinhardtii,4,14,B,5,2,2425.5,
Tamara Layden,12/2/20,8:25,C. reinhardtii,4,14,C,5,2,3535.09,
Tamara Layden,12/2/20,8:25,C. reinhardtii,4,17,A,6,2,5871.63,
Tamara Layden,12/2/20,8:25,C. reinhardtii,4,17,B,6,2,3306.79,
Tamara Layden,12/2/20,8:25,C. reinhardtii,4,17,C,6,2,5194.3,
Tamara Layden,12/2/20,8:26,C. reinhardtii,4,20,A,7,2,982.45,
Tamara Layden,12/2/20,8:26,C. reinhardtii,4,20,B,7,2,1781.55,
Tamara Layden,12/2/20,8:26,C. reinhardtii,4,20,C,7,2,2325.6,
Tamara Layden,12/2/20,8:26,C. reinhardtii,4,23,A,8,2,1322.39,
Tamara Layden,12/2/20,8:26,C. reinhardtii,4,23,B,8,2,1456.29,
Tamara Layden,12/2/20,8:26,C. reinhardtii,4,23,C,8,2,2038.38,
Tamara Layden,12/2/20,8:26,C. reinhardtii,4,26,A,9,2,55.66,
Tamara Layden,12/2/20,8:27,C. reinhardtii,4,26,B,9,2,44.69,
Tamara Layden,12/2/20,8:27,C. reinhardtii,4,26,C,9,2,47.47,
Tamara Layden,12/2/20,8:33,C. reinhardtii,4,3,A,1,3,787.3,
Tamara Layden,12/2/20,8:33,C. reinhardtii,4,3,B,1,3,768.13,
Tamara Layden,12/2/20,8:33,C. reinhardtii,4,3,C,1,3,699.31,
Tamara Layden,12/2/20,8:33,C. reinhardtii,4,6,A,2,3,804.28,
Tamara Layden,12/2/20,8:33,C. reinhardtii,4,6,B,2,3,785.02,
Tamara Layden,12/2/20,8:33,C. reinhardtii,4,6,C,2,3,865.06,
Tamara Layden,12/2/20,8:34,C. reinhardtii,4,9,A,3,3,3220.01,
Tamara Layden,12/2/20,8:34,C. reinhardtii,4,9,B,3,3,3647.01,
Tamara Layden,12/2/20,8:34,C. reinhardtii,4,9,C,3,3,3959.63,
Tamara Layden,12/2/20,8:34,C. reinhardtii,4,12,A,4,3,4139.32,
Tamara Layden,12/2/20,8:34,C. reinhardtii,4,12,B,4,3,4008.26,
Tamara Layden,12/2/20,8:34,C. reinhardtii,4,12,C,4,3,5534.7,
Tamara Layden,12/2/20,8:35,C. reinhardtii,4,15,A,5,3,6728.72,
Tamara Layden,12/2/20,8:35,C. reinhardtii,4,15,B,5,3,6451.13,
Tamara Layden,12/2/20,8:35,C. reinhardtii,4,15,C,5,3,6529.34,
Tamara Layden,12/2/20,8:35,C. reinhardtii,4,18,A,6,3,12187.3,
Tamara Layden,12/2/20,8:35,C. reinhardtii,4,18,B,6,3,13078.3,
Tamara Layden,12/2/20,8:35,C. reinhardtii,4,18,C,6,3,12518.1,
Tamara Layden,12/2/20,8:35,C. reinhardtii,4,21,A,7,3,9960.45,
Tamara Layden,12/2/20,8:36,C. reinhardtii,4,21,B,7,3,12530.63,
Tamara Layden,12/2/20,8:36,C. reinhardtii,4,21,C,7,3,10146.51,
Tamara Layden,12/2/20,8:36,C. reinhardtii,4,24,A,8,3,1516.79,
Tamara Layden,12/2/20,8:36,C. reinhardtii,4,24,B,8,3,2229.7,
Tamara Layden,12/2/20,8:36,C. reinhardtii,4,24,C,8,3,2056.07,
Tamara Layden,12/2/20,8:36,C. reinhardtii,4,27,A,9,3,71.61,
Tamara Layden,12/2/20,8:37,C. reinhardtii,4,27,B,9,3,56.16,
Tamara Layden,12/2/20,8:37,C. reinhardtii,4,27,C,9,3,53.12,
Tamara Layden,12/2/20,8:42,C. reinhardtii,3,1,A,1,4,590.64,
Tamara Layden,12/2/20,8:42,C. reinhardtii,3,1,B,1,4,537.97,
Tamara Layden,12/2/20,8:42,C. reinhardtii,3,1,C,1,4,530.1,
Tamara Layden,12/2/20,8:42,C. reinhardtii,3,4,A,2,4,1128.07,
Tamara Layden,12/2/20,8:43,C. reinhardtii,3,4,B,2,4,1293.33,
Tamara Layden,12/2/20,8:43,C. reinhardtii,3,4,C,2,4,1439.36,
Tamara Layden,12/2/20,8:43,C. reinhardtii,3,7,A,3,4,3334.51,
Tamara Layden,12/2/20,8:43,C. reinhardtii,3,7,B,3,4,3415.73,
Tamara Layden,12/2/20,8:43,C. reinhardtii,3,7,C,3,4,2805.11,
Tamara Layden,12/2/20,8:43,C. reinhardtii,3,10,A,4,4,6747.1,
Tamara Layden,12/2/20,8:44,C. reinhardtii,3,10,B,4,4,7100.7,
Tamara Layden,12/2/20,8:44,C. reinhardtii,3,10,C,4,4,7388.95,
Tamara Layden,12/2/20,8:44,C. reinhardtii,3,13,A,5,4,7362.56,
Tamara Layden,12/2/20,8:44,C. reinhardtii,3,13,B,5,4,9545.02,
Tamara Layden,12/2/20,8:44,C. reinhardtii,3,13,C,5,4,11018.13,
Tamara Layden,12/2/20,8:44,C. reinhardtii,3,16,A,6,4,13192.66,
Tamara Layden,12/2/20,8:44,C. reinhardtii,3,16,B,6,4,14680.1,
Tamara Layden,12/2/20,8:45,C. reinhardtii,3,16,C,6,4,14616.12,
Tamara Layden,12/2/20,8:45,C. reinhardtii,3,19,A,7,4,16805.14,
Tamara Layden,12/2/20,8:45,C. reinhardtii,3,19,B,7,4,15938.51,
Tamara Layden,12/2/20,8:45,C. reinhardtii,3,19,C,7,4,9943.78,
Tamara Layden,12/2/20,8:45,C. reinhardtii,3,22,A,8,4,4046.49,
Tamara Layden,12/2/20,8:46,C. reinhardtii,3,22,B,8,4,2430.35,
Tamara Layden,12/2/20,8:46,C. reinhardtii,3,22,C,8,4,4199.17,
Tamara Layden,12/2/20,8:46,C. reinhardtii,3,25,A,9,4,68.36,
Tamara Layden,12/2/20,8:46,C. reinhardtii,3,25,B,9,4,59.4,
Tamara Layden,12/2/20,8:46,C. reinhardtii,3,25,C,9,4,53.66,
Tamara Layden,12/2/20,8:52,C. reinhardtii,3,2,A,1,5,1253.04,
Tamara Layden,12/2/20,8:52,C. reinhardtii,3,2,B,1,5,1154.35,
Tamara Layden,12/2/20,8:52,C. reinhardtii,3,2,C,1,5,1036.02,
Tamara Layden,12/2/20,8:52,C. reinhardtii,3,5,A,2,5,1468.22,
Tamara Layden,12/2/20,8:53,C. reinhardtii,3,5,B,2,5,1236.25,
Tamara Layden,12/2/20,8:53,C. reinhardtii,3,5,C,2,5,1118.03,
Tamara Layden,12/2/20,8:53,C. reinhardtii,3,8,A,3,5,1894.92,
Tamara Layden,12/2/20,8:53,C. reinhardtii,3,8,B,3,5,2021.34,
Tamara Layden,12/2/20,8:53,C. reinhardtii,3,8,C,3,5,2503.09,
Tamara Layden,12/2/20,8:53,C. reinhardtii,3,11,A,4,5,5610.46,
Tamara Layden,12/2/20,8:53,C. reinhardtii,3,11,B,4,5,6144.67,
Tamara Layden,12/2/20,8:54,C. reinhardtii,3,11,C,4,5,11962.3,
Tamara Layden,12/2/20,8:54,C. reinhardtii,3,14,A,5,5,10612.78,
Tamara Layden,12/2/20,8:54,C. reinhardtii,3,14,B,5,5,9799.36,
Tamara Layden,12/2/20,8:54,C. reinhardtii,3,14,C,5,5,13097.41,
Tamara Layden,12/2/20,8:54,C. reinhardtii,3,17,A,6,5,11329.02,
Tamara Layden,12/2/20,8:54,C. reinhardtii,3,17,B,6,5,13664.1,
Tamara Layden,12/2/20,8:55,C. reinhardtii,3,17,C,6,5,17809.33,
Tamara Layden,12/2/20,8:55,C. reinhardtii,3,20,A,7,5,18547,
Tamara Layden,12/2/20,8:55,C. reinhardtii,3,20,B,7,5,6593.4,
Tamara Layden,12/2/20,8:55,C. reinhardtii,3,20,C,7,5,8642.46,
Tamara Layden,12/2/20,8:55,C. reinhardtii,3,23,A,8,5,4661.65,
Tamara Layden,12/2/20,8:55,C. reinhardtii,3,23,B,8,5,4381.05,
Tamara Layden,12/2/20,8:55,C. reinhardtii,3,23,C,8,5,2507.67,
Tamara Layden,12/2/20,8:56,C. reinhardtii,3,26,A,9,5,33.18,
Tamara Layden,12/2/20,8:56,C. reinhardtii,3,26,B,9,5,23.15,
Tamara Layden,12/2/20,8:56,C. reinhardtii,3,26,C,9,5,25.06,
Tamara Layden,12/2/20,9:01,C. reinhardtii,3,3,A,1,6,755.11,
Tamara Layden,12/2/20,9:01,C. reinhardtii,3,3,B,1,6,730.52,
Tamara Layden,12/2/20,9:01,C. reinhardtii,3,3,C,1,6,831.45,
Tamara Layden,12/2/20,9:01,C. reinhardtii,3,6,A,2,6,1790.27,
Tamara Layden,12/2/20,9:01,C. reinhardtii,3,6,B,2,6,2244.33,
Tamara Layden,12/2/20,9:02,C. reinhardtii,3,6,C,2,6,2214.62,
Tamara Layden,12/2/20,9:02,C. reinhardtii,3,9,A,3,6,4371.22,
Tamara Layden,12/2/20,9:02,C. reinhardtii,3,9,B,3,6,5145.19,
Tamara Layden,12/2/20,9:02,C. reinhardtii,3,9,C,3,6,3762.22,
Tamara Layden,12/2/20,9:02,C. reinhardtii,3,12,A,4,6,11875.67,
Tamara Layden,12/2/20,9:02,C. reinhardtii,3,12,B,4,6,12073.63,
Tamara Layden,12/2/20,9:02,C. reinhardtii,3,12,C,4,6,8322.97,
Tamara Layden,12/2/20,9:03,C. reinhardtii,3,15,A,5,6,17348.37,
Tamara Layden,12/2/20,9:03,C. reinhardtii,3,15,B,5,6,12836.37,
Tamara Layden,12/2/20,9:03,C. reinhardtii,3,15,C,5,6,31242.6,
Tamara Layden,12/2/20,9:03,C. reinhardtii,3,18,A,6,6,16006.61,
Tamara Layden,12/2/20,9:03,C. reinhardtii,3,18,B,6,6,19140.91,
Tamara Layden,12/2/20,9:03,C. reinhardtii,3,18,C,6,6,26382.03,
Tamara Layden,12/2/20,9:03,C. reinhardtii,3,21,A,7,6,7981.05,
Tamara Layden,12/2/20,9:04,C. reinhardtii,3,21,B,7,6,9051.94,
Tamara Layden,12/2/20,9:04,C. reinhardtii,3,21,C,7,6,8146.62,
Tamara Layden,12/2/20,9:04,C. reinhardtii,3,24,A,8,6,1872.76,
Tamara Layden,12/2/20,9:04,C. reinhardtii,3,24,B,8,6,1725.35,
Tamara Layden,12/2/20,9:04,C. reinhardtii,3,24,C,8,6,1257.96,
Tamara Layden,12/2/20,9:04,C. reinhardtii,3,27,A,9,6,23.73,
Tamara Layden,12/2/20,9:05,C. reinhardtii,3,27,B,9,6,24.49,
Tamara Layden,12/2/20,9:05,C. reinhardtii,3,27,C,9,6,25.22,
Tamara Layden,12/2/20,13:02,C. reinhardtii,4,1,A,1,1,1468.81,
Tamara Layden,12/2/20,13:02,C. reinhardtii,4,1,B,1,1,1639.08,
Tamara Layden,12/2/20,13:02,C. reinhardtii,4,1,C,1,1,1504.67,
Tamara Layden,12/2/20,13:02,C. reinhardtii,4,4,A,2,1,1389.47,
Tamara Layden,12/2/20,13:02,C. reinhardtii,4,4,B,2,1,1484.93,
Tamara Layden,12/2/20,13:02,C. reinhardtii,4,4,C,2,1,1785.89,
Tamara Layden,12/2/20,13:03,C. reinhardtii,4,7,A,3,1,1105.45,
Tamara Layden,12/2/20,13:03,C. reinhardtii,4,7,B,3,1,1581.29,
Tamara Layden,12/2/20,13:03,C. reinhardtii,4,7,C,3,1,839.73,
Tamara Layden,12/2/20,13:03,C. reinhardtii,4,10,A,4,1,1004.35,
Tamara Layden,12/2/20,13:03,C. reinhardtii,4,10,B,4,1,1098.18,
Tamara Layden,12/2/20,13:03,C. reinhardtii,4,10,C,4,1,1143.94,
Tamara Layden,12/2/20,13:04,C. reinhardtii,4,13,A,5,1,1113.8,
Tamara Layden,12/2/20,13:05,C. reinhardtii,4,13,B,5,1,997.99,
Tamara Layden,12/2/20,13:05,C. reinhardtii,4,13,C,5,1,1475.15,
Tamara Layden,12/2/20,13:05,C. reinhardtii,4,16,A,6,1,1159.11,
Tamara Layden,12/2/20,13:05,C. reinhardtii,4,16,B,6,1,2374.14,
Tamara Layden,12/2/20,13:06,C. reinhardtii,4,16,C,6,1,1628.26,
Tamara Layden,12/2/20,13:06,C. reinhardtii,4,19,A,7,1,1219.72,
Tamara Layden,12/2/20,13:06,C. reinhardtii,4,19,B,7,1,1989.47,
Tamara Layden,12/2/20,13:06,C. reinhardtii,4,19,C,7,1,995.29,
Tamara Layden,12/2/20,13:06,C. reinhardtii,4,22,A,8,1,1253.15,
Tamara Layden,12/2/20,13:06,C. reinhardtii,4,22,B,8,1,1570.89,
Tamara Layden,12/2/20,13:07,C. reinhardtii,4,22,C,8,1,1499.58,
Tamara Layden,12/2/20,13:07,C. reinhardtii,4,25,A,9,1,46.83,
Tamara Layden,12/2/20,13:07,C. reinhardtii,4,25,B,9,1,55.28,
Tamara Layden,12/2/20,13:07,C. reinhardtii,4,25,C,9,1,48.38,
Tamara Layden,12/2/20,13:11,C. reinhardtii,4,2,A,1,2,1512.9,
Tamara Layden,12/2/20,13:12,C. reinhardtii,4,2,B,1,2,1301.31,
Tamara Layden,12/2/20,13:12,C. reinhardtii,4,2,C,1,2,1221.53,
Tamara Layden,12/2/20,13:12,C. reinhardtii,4,5,A,2,2,1822.35,
Tamara Layden,12/2/20,13:12,C. reinhardtii,4,5,B,2,2,1945.33,
Tamara Layden,12/2/20,13:12,C. reinhardtii,4,5,C,2,2,1917.75,
Tamara Layden,12/2/20,13:12,C. reinhardtii,4,8,A,3,2,1901.1,
Tamara Layden,12/2/20,13:13,C. reinhardtii,4,8,B,3,2,1697.73,
Tamara Layden,12/2/20,13:13,C. reinhardtii,4,8,C,3,2,1935.87,
Tamara Layden,12/2/20,13:13,C. reinhardtii,4,11,A,4,2,3761.51,
Tamara Layden,12/2/20,13:13,C. reinhardtii,4,11,B,4,2,3175.24,
Tamara Layden,12/2/20,13:13,C. reinhardtii,4,11,C,4,2,3008.34,
Tamara Layden,12/2/20,13:13,C. reinhardtii,4,14,A,5,2,5058.17,
Tamara Layden,12/2/20,13:13,C. reinhardtii,4,14,B,5,2,3908.35,
Tamara Layden,12/2/20,13:14,C. reinhardtii,4,14,C,5,2,4488.61,
Tamara Layden,12/2/20,13:14,C. reinhardtii,4,17,A,6,2,7482.07,
Tamara Layden,12/2/20,13:14,C. reinhardtii,4,17,B,6,2,4170.65,
Tamara Layden,12/2/20,13:14,C. reinhardtii,4,17,C,6,2,6909.49,
Tamara Layden,12/2/20,13:14,C. reinhardtii,4,20,A,7,2,1428.81,
Tamara Layden,12/2/20,13:14,C. reinhardtii,4,20,B,7,2,2050.68,
Tamara Layden,12/2/20,13:14,C. reinhardtii,4,20,C,7,2,2122.41,
Tamara Layden,12/2/20,13:15,C. reinhardtii,4,23,A,8,2,1377.33,
Tamara Layden,12/2/20,13:15,C. reinhardtii,4,23,B,8,2,1763.1,
Tamara Layden,12/2/20,13:15,C. reinhardtii,4,23,C,8,2,2073.8,
Tamara Layden,12/2/20,13:15,C. reinhardtii,4,26,A,9,2,42.16,
Tamara Layden,12/2/20,13:15,C. reinhardtii,4,26,B,9,2,35.78,
Tamara Layden,12/2/20,13:15,C. reinhardtii,4,26,C,9,2,36.18,
Tamara Layden,12/2/20,13:20,C. reinhardtii,4,3,A,1,3,1300.96,
Tamara Layden,12/2/20,13:20,C. reinhardtii,4,3,B,1,3,1094.99,
Tamara Layden,12/2/20,13:20,C. reinhardtii,4,3,C,1,3,1033.45,
Tamara Layden,12/2/20,13:20,C. reinhardtii,4,6,A,2,3,1394.04,
Tamara Layden,12/2/20,13:20,C. reinhardtii,4,6,B,2,3,1303.5,
Tamara Layden,12/2/20,13:20,C. reinhardtii,4,6,C,2,3,1237.07,
Tamara Layden,12/2/20,13:21,C. reinhardtii,4,9,A,3,3,5307.81,
Tamara Layden,12/2/20,13:21,C. reinhardtii,4,9,B,3,3,6202.52,
Tamara Layden,12/2/20,13:21,C. reinhardtii,4,9,C,3,3,6686.22,
Tamara Layden,12/2/20,13:21,C. reinhardtii,4,12,A,4,3,6649.89,
Tamara Layden,12/2/20,13:21,C. reinhardtii,4,12,B,4,3,6761.31,
Tamara Layden,12/2/20,13:21,C. reinhardtii,4,12,C,4,3,8654.17,
Tamara Layden,12/2/20,13:21,C. reinhardtii,4,15,A,5,3,10122.95,
Tamara Layden,12/2/20,13:22,C. reinhardtii,4,15,B,5,3,9159.64,
Tamara Layden,12/2/20,13:22,C. reinhardtii,4,15,C,5,3,10290.91,
Tamara Layden,12/2/20,13:22,C. reinhardtii,4,18,A,6,3,19978.33,
Tamara Layden,12/2/20,13:22,C. reinhardtii,4,18,B,6,3,21982.19,
Tamara Layden,12/2/20,13:22,C. reinhardtii,4,18,C,6,3,17968.18,
Tamara Layden,12/2/20,13:22,C. reinhardtii,4,21,A,7,3,15555.34,
Tamara Layden,12/2/20,13:22,C. reinhardtii,4,21,B,7,3,20398.71,
Tamara Layden,12/2/20,13:23,C. reinhardtii,4,21,C,7,3,20588.08,
Tamara Layden,12/2/20,13:23,C. reinhardtii,4,24,A,8,3,2250.9,
Tamara Layden,12/2/20,13:23,C. reinhardtii,4,24,B,8,3,2811.69,
Tamara Layden,12/2/20,13:23,C. reinhardtii,4,24,C,8,3,3059.51,
Tamara Layden,12/2/20,13:23,C. reinhardtii,4,27,A,9,3,65.94,
Tamara Layden,12/2/20,13:23,C. reinhardtii,4,27,B,9,3,49.42,
Tamara Layden,12/2/20,13:23,C. reinhardtii,4,27,C,9,3,52.78,
Tamara Layden,12/2/20,13:28,C. reinhardtii,3,1,A,1,4,1011.17,
Tamara Layden,12/2/20,13:28,C. reinhardtii,3,1,B,1,4,863.82,
Tamara Layden,12/2/20,13:28,C. reinhardtii,3,1,C,1,4,852.07,
Tamara Layden,12/2/20,13:28,C. reinhardtii,3,4,A,2,4,1668.33,
Tamara Layden,12/2/20,13:28,C. reinhardtii,3,4,B,2,4,1893.46,
Tamara Layden,12/2/20,13:28,C. reinhardtii,3,4,C,2,4,2377.59,
Tamara Layden,12/2/20,13:28,C. reinhardtii,3,7,A,3,4,3871.7,
Tamara Layden,12/2/20,13:29,C. reinhardtii,3,7,B,3,4,4499.18,
Tamara Layden,12/2/20,13:29,C. reinhardtii,3,7,C,3,4,4296.5,
Tamara Layden,12/2/20,13:29,C. reinhardtii,3,10,A,4,4,10807.77,
Tamara Layden,12/2/20,13:29,C. reinhardtii,3,10,B,4,4,10540.69,
Tamara Layden,12/2/20,13:29,C. reinhardtii,3,10,C,4,4,12385.06,
Tamara Layden,12/2/20,13:29,C. reinhardtii,3,13,A,5,4,17767.96,
Tamara Layden,12/2/20,13:30,C. reinhardtii,3,13,B,5,4,17312.44,
Tamara Layden,12/2/20,13:30,C. reinhardtii,3,13,C,5,4,18993.96,
Tamara Layden,12/2/20,13:30,C. reinhardtii,3,16,A,6,4,26575.39,
Tamara Layden,12/2/20,13:30,C. reinhardtii,3,16,B,6,4,27876.2,
Tamara Layden,12/2/20,13:30,C. reinhardtii,3,16,C,6,4,24927.13,
Tamara Layden,12/2/20,13:30,C. reinhardtii,3,19,A,7,4,28544,
Tamara Layden,12/2/20,13:30,C. reinhardtii,3,19,B,7,4,26212.08,
Tamara Layden,12/2/20,13:31,C. reinhardtii,3,19,C,7,4,16307.66,
Tamara Layden,12/2/20,13:31,C. reinhardtii,3,22,A,8,4,7419.98,
Tamara Layden,12/2/20,13:31,C. reinhardtii,3,22,B,8,4,4367.32,
Tamara Layden,12/2/20,13:31,C. reinhardtii,3,22,C,8,4,7750,
Tamara Layden,12/2/20,13:31,C. reinhardtii,3,25,A,9,4,32.06,
Tamara Layden,12/2/20,13:31,C. reinhardtii,3,25,B,9,4,24.62,
Tamara Layden,12/2/20,13:32,C. reinhardtii,3,25,C,9,4,27.99,
Tamara Layden,12/2/20,13:36,C. reinhardtii,3,2,A,1,5,2242.09,
Tamara Layden,12/2/20,13:36,C. reinhardtii,3,2,B,1,5,1717.15,
Tamara Layden,12/2/20,13:36,C. reinhardtii,3,2,C,1,5,1704.5,
Tamara Layden,12/2/20,13:37,C. reinhardtii,3,5,A,2,5,1583.54,
Tamara Layden,12/2/20,13:37,C. reinhardtii,3,5,B,2,5,1335.61,
Tamara Layden,12/2/20,13:37,C. reinhardtii,3,5,C,2,5,1392.31,
Tamara Layden,12/2/20,13:37,C. reinhardtii,3,8,A,3,5,2583.33,
Tamara Layden,12/2/20,13:37,C. reinhardtii,3,8,B,3,5,2351.69,
Tamara Layden,12/2/20,13:37,C. reinhardtii,3,8,C,3,5,3042.39,
Tamara Layden,12/2/20,13:37,C. reinhardtii,3,11,A,4,5,10189.18,
Tamara Layden,12/2/20,13:38,C. reinhardtii,3,11,B,4,5,10712.9,
Tamara Layden,12/2/20,13:38,C. reinhardtii,3,11,C,4,5,20745.75,
Tamara Layden,12/2/20,13:38,C. reinhardtii,3,14,A,5,5,19680.12,
Tamara Layden,12/2/20,13:38,C. reinhardtii,3,14,B,5,5,18648.06,
Tamara Layden,12/2/20,13:38,C. reinhardtii,3,14,C,5,5,23011.1,
Tamara Layden,12/2/20,13:38,C. reinhardtii,3,17,A,6,5,20189.97,
Tamara Layden,12/2/20,13:38,C. reinhardtii,3,17,B,6,5,17613.32,
Tamara Layden,12/2/20,13:39,C. reinhardtii,3,17,C,6,5,24651.35,
Tamara Layden,12/2/20,13:39,C. reinhardtii,3,20,A,7,5,22502.95,
Tamara Layden,12/2/20,13:39,C. reinhardtii,3,20,B,7,5,13580.23,
Tamara Layden,12/2/20,13:39,C. reinhardtii,3,20,C,7,5,13100.03,
Tamara Layden,12/2/20,13:39,C. reinhardtii,3,23,A,8,5,4104.44,
Tamara Layden,12/2/20,13:39,C. reinhardtii,3,23,B,8,5,3609.37,
Tamara Layden,12/2/20,13:39,C. reinhardtii,3,23,C,8,5,3004.5,
Tamara Layden,12/2/20,13:40,C. reinhardtii,3,26,A,9,5,29.98,
Tamara Layden,12/2/20,13:40,C. reinhardtii,3,26,B,9,5,21.14,
Tamara Layden,12/2/20,13:40,C. reinhardtii,3,26,C,9,5,23.67,
Tamara Layden,12/2/20,13:44,C. reinhardtii,3,3,A,1,6,1391.3,
Tamara Layden,12/2/20,13:44,C. reinhardtii,3,3,B,1,6,1176.34,
Tamara Layden,12/2/20,13:44,C. reinhardtii,3,3,C,1,6,1354.44,
Tamara Layden,12/2/20,13:44,C. reinhardtii,3,6,A,2,6,1941.86,
Tamara Layden,12/2/20,13:45,C. reinhardtii,3,6,B,2,6,3115.22,
Tamara Layden,12/2/20,13:45,C. reinhardtii,3,6,C,2,6,3289.16,
Tamara Layden,12/2/20,13:45,C. reinhardtii,3,9,A,3,6,5956.31,
Tamara Layden,12/2/20,13:45,C. reinhardtii,3,9,B,3,6,6299.95,
Tamara Layden,12/2/20,13:45,C. reinhardtii,3,9,C,3,6,6705.1,
Tamara Layden,12/2/20,13:45,C. reinhardtii,3,12,A,4,6,20185.31,
Tamara Layden,12/2/20,13:45,C. reinhardtii,3,12,B,4,6,18305.06,
Tamara Layden,12/2/20,13:46,C. reinhardtii,3,12,C,4,6,16081.07,
Tamara Layden,12/2/20,13:46,C. reinhardtii,3,15,A,5,6,19562.09,
Tamara Layden,12/2/20,13:46,C. reinhardtii,3,15,B,5,6,20696.33,
Tamara Layden,12/2/20,13:46,C. reinhardtii,3,15,C,5,6,36672.56,
Tamara Layden,12/2/20,13:46,C. reinhardtii,3,18,A,6,6,14793.45,
Tamara Layden,12/2/20,13:46,C. reinhardtii,3,18,B,6,6,19774.44,
Tamara Layden,12/2/20,13:46,C. reinhardtii,3,18,C,6,6,33209.12,
Tamara Layden,12/2/20,13:47,C. reinhardtii,3,21,A,7,6,15567.38,
Tamara Layden,12/2/20,13:47,C. reinhardtii,3,21,B,7,6,23019.85,
Tamara Layden,12/2/20,13:47,C. reinhardtii,3,21,C,7,6,13487.52,
Tamara Layden,12/2/20,13:47,C. reinhardtii,3,24,A,8,6,2951.44,
Tamara Layden,12/2/20,13:47,C. reinhardtii,3,24,B,8,6,1922.38,
Tamara Layden,12/2/20,13:47,C. reinhardtii,3,24,C,8,6,1640.88,
Tamara Layden,12/2/20,13:47,C. reinhardtii,3,27,A,9,6,25.77,
Tamara Layden,12/2/20,13:48,C. reinhardtii,3,27,B,9,6,23.14,
Tamara Layden,12/2/20,13:48,C. reinhardtii,3,27,C,9,6,20.39,
Tamara Layden,12/3/20,9:15,C. reinhardtii,4,1,A,1,1,1278.11,
Tamara Layden,12/3/20,9:15,C. reinhardtii,4,1,B,1,1,1402.3,
Tamara Layden,12/3/20,9:15,C. reinhardtii,4,1,C,1,1,1674.88,
Tamara Layden,12/3/20,9:15,C. reinhardtii,4,4,A,2,1,1751.92,
Tamara Layden,12/3/20,9:15,C. reinhardtii,4,4,B,2,1,1750.43,
Tamara Layden,12/3/20,9:15,C. reinhardtii,4,4,C,2,1,1870.61,
Tamara Layden,12/3/20,9:16,C. reinhardtii,4,7,A,3,1,1486.27,
Tamara Layden,12/3/20,9:16,C. reinhardtii,4,7,B,3,1,1494.17,
Tamara Layden,12/3/20,9:16,C. reinhardtii,4,7,C,3,1,1501.35,
Tamara Layden,12/3/20,9:16,C. reinhardtii,4,10,A,4,1,1434.24,
Tamara Layden,12/3/20,9:16,C. reinhardtii,4,10,B,4,1,1469.64,
Tamara Layden,12/3/20,9:16,C. reinhardtii,4,10,C,4,1,1596.99,
Tamara Layden,12/3/20,9:16,C. reinhardtii,4,13,A,5,1,1776.37,
Tamara Layden,12/3/20,9:17,C. reinhardtii,4,13,B,5,1,1699.55,
Tamara Layden,12/3/20,9:17,C. reinhardtii,4,13,C,5,1,1860.46,
Tamara Layden,12/3/20,9:17,C. reinhardtii,4,16,A,6,1,1399.33,
Tamara Layden,12/3/20,9:17,C. reinhardtii,4,16,B,6,1,2223.15,
Tamara Layden,12/3/20,9:17,C. reinhardtii,4,16,C,6,1,2929.11,
Tamara Layden,12/3/20,9:17,C. reinhardtii,4,19,A,7,1,1481.58,
Tamara Layden,12/3/20,9:17,C. reinhardtii,4,19,B,7,1,2292.08,
Tamara Layden,12/3/20,9:18,C. reinhardtii,4,19,C,7,1,1386.72,
Tamara Layden,12/3/20,9:18,C. reinhardtii,4,22,A,8,1,1626.69,
Tamara Layden,12/3/20,9:18,C. reinhardtii,4,22,B,8,1,2609.26,
Tamara Layden,12/3/20,9:18,C. reinhardtii,4,22,C,8,1,1877.28,
Tamara Layden,12/3/20,9:18,C. reinhardtii,4,25,A,9,1,39.49,
Tamara Layden,12/3/20,9:18,C. reinhardtii,4,25,B,9,1,48.8,
Tamara Layden,12/3/20,9:19,C. reinhardtii,4,25,C,9,1,41.82,
Tamara Layden,12/3/20,9:19,C. reinhardtii,4,2,A,1,2,2387.94,
Tamara Layden,12/3/20,9:19,C. reinhardtii,4,2,B,1,2,2125.95,
Tamara Layden,12/3/20,9:19,C. reinhardtii,4,2,C,1,2,2123.87,
Tamara Layden,12/3/20,9:19,C. reinhardtii,4,5,A,2,2,3508.29,
Tamara Layden,12/3/20,9:20,C. reinhardtii,4,5,B,2,2,4614.83,
Tamara Layden,12/3/20,9:20,C. reinhardtii,4,5,C,2,2,5011.61,
Tamara Layden,12/3/20,9:20,C. reinhardtii,4,8,A,3,2,4971.29,
Tamara Layden,12/3/20,9:20,C. reinhardtii,4,8,B,3,2,4493.59,
Tamara Layden,12/3/20,9:20,C. reinhardtii,4,8,C,3,2,6022.48,
Tamara Layden,12/3/20,9:20,C. reinhardtii,4,11,A,4,2,10237.47,
Tamara Layden,12/3/20,9:21,C. reinhardtii,4,11,B,4,2,8934.39,
Tamara Layden,12/3/20,9:21,C. reinhardtii,4,11,C,4,2,10442.38,
Tamara Layden,12/3/20,9:21,C. reinhardtii,4,14,A,5,2,20464.13,
Tamara Layden,12/3/20,9:21,C. reinhardtii,4,14,B,5,2,14882.97,
Tamara Layden,12/3/20,9:21,C. reinhardtii,4,14,C,5,2,17010.28,
Tamara Layden,12/3/20,9:21,C. reinhardtii,4,17,A,6,2,19938.26,
Tamara Layden,12/3/20,9:22,C. reinhardtii,4,17,B,6,2,14059.51,
Tamara Layden,12/3/20,9:22,C. reinhardtii,4,17,C,6,2,19713.41,
Tamara Layden,12/3/20,9:22,C. reinhardtii,4,20,A,7,2,2936.68,
Tamara Layden,12/3/20,9:22,C. reinhardtii,4,20,B,7,2,7363.78,
Tamara Layden,12/3/20,9:22,C. reinhardtii,4,20,C,7,2,6134.49,
Tamara Layden,12/3/20,9:22,C. reinhardtii,4,23,A,8,2,3315,
Tamara Layden,12/3/20,9:22,C. reinhardtii,4,23,B,8,2,2718.59,
Tamara Layden,12/3/20,9:23,C. reinhardtii,4,23,C,8,2,2713.29,
Tamara Layden,12/3/20,9:23,C. reinhardtii,4,26,A,9,2,32.03,
Tamara Layden,12/3/20,9:23,C. reinhardtii,4,26,B,9,2,28.48,
Tamara Layden,12/3/20,9:23,C. reinhardtii,4,26,C,9,2,33.44,
Tamara Layden,12/3/20,9:23,C. reinhardtii,4,3,A,1,3,2331.15,
Tamara Layden,12/3/20,9:23,C. reinhardtii,4,3,B,1,3,2370.54,
Tamara Layden,12/3/20,9:24,C. reinhardtii,4,3,C,1,3,2029.65,
Tamara Layden,12/3/20,9:24,C. reinhardtii,4,6,A,2,3,5563.56,
Tamara Layden,12/3/20,9:24,C. reinhardtii,4,6,B,2,3,4667.26,
Tamara Layden,12/3/20,9:24,C. reinhardtii,4,6,C,2,3,5641.08,
Tamara Layden,12/3/20,9:24,C. reinhardtii,4,9,A,3,3,33178.03,
Tamara Layden,12/3/20,9:24,C. reinhardtii,4,9,B,3,3,37018.05,
Tamara Layden,12/3/20,9:24,C. reinhardtii,4,9,C,3,3,42944.84,
Tamara Layden,12/3/20,9:25,C. reinhardtii,4,12,A,4,3,41478.58,
Tamara Layden,12/3/20,9:25,C. reinhardtii,4,12,B,4,3,42803.53,
Tamara Layden,12/3/20,9:25,C. reinhardtii,4,12,C,4,3,63536.74,
Tamara Layden,12/3/20,9:25,C. reinhardtii,4,15,A,5,3,41945.75,
Tamara Layden,12/3/20,9:25,C. reinhardtii,4,15,B,5,3,42038.75,
Tamara Layden,12/3/20,9:25,C. reinhardtii,4,15,C,5,3,48114.08,
Tamara Layden,12/3/20,9:26,C. reinhardtii,4,18,A,6,3,152593.53,
Tamara Layden,12/3/20,9:26,C. reinhardtii,4,18,B,6,3,264911.68,
Tamara Layden,12/3/20,9:26,C. reinhardtii,4,18,C,6,3,122365.77,
Tamara Layden,12/3/20,9:26,C. reinhardtii,4,21,A,7,3,72260.35,
Tamara Layden,12/3/20,9:26,C. reinhardtii,4,21,B,7,3,68786.34,
Tamara Layden,12/3/20,9:26,C. reinhardtii,4,21,C,7,3,55003.59,
Tamara Layden,12/3/20,9:26,C. reinhardtii,4,24,A,8,3,4091.48,
Tamara Layden,12/3/20,9:27,C. reinhardtii,4,24,B,8,3,4369.35,
Tamara Layden,12/3/20,9:27,C. reinhardtii,4,24,C,8,3,4570.38,
Tamara Layden,12/3/20,9:27,C. reinhardtii,4,27,A,9,3,64.57,
Tamara Layden,12/3/20,9:27,C. reinhardtii,4,27,B,9,3,44.92,
Tamara Layden,12/3/20,9:27,C. reinhardtii,4,27,C,9,3,48.01,
Tamara Layden,12/3/20,9:27,C. reinhardtii,3,1,A,1,4,1867.51,
Tamara Layden,12/3/20,9:28,C. reinhardtii,3,1,B,1,4,1773.91,
Tamara Layden,12/3/20,9:28,C. reinhardtii,3,1,C,1,4,1887.59,
Tamara Layden,12/3/20,9:28,C. reinhardtii,3,4,A,2,4,10299.13,
Tamara Layden,12/3/20,9:28,C. reinhardtii,3,4,B,2,4,11545.99,
Tamara Layden,12/3/20,9:28,C. reinhardtii,3,4,C,2,4,14546.76,
Tamara Layden,12/3/20,9:28,C. reinhardtii,3,7,A,3,4,28477.3,
Tamara Layden,12/3/20,9:28,C. reinhardtii,3,7,B,3,4,37181.23,
Tamara Layden,12/3/20,9:29,C. reinhardtii,3,7,C,3,4,26449.61,
Tamara Layden,12/3/20,9:29,C. reinhardtii,3,10,A,4,4,108059.14,
Tamara Layden,12/3/20,9:29,C. reinhardtii,3,10,B,4,4,47851.15,
Tamara Layden,12/3/20,9:29,C. reinhardtii,3,10,C,4,4,42394.83,
Tamara Layden,12/3/20,9:29,C. reinhardtii,3,13,A,5,4,33391.97,
Tamara Layden,12/3/20,9:29,C. reinhardtii,3,13,B,5,4,63184.39,
Tamara Layden,12/3/20,9:30,C. reinhardtii,3,13,C,5,4,1437251.37,
Tamara Layden,12/3/20,9:30,C. reinhardtii,3,16,A,6,4,449214.46,
Tamara Layden,12/3/20,9:30,C. reinhardtii,3,16,B,6,4,59250.46,
Tamara Layden,12/3/20,9:30,C. reinhardtii,3,16,C,6,4,142598.67,
Tamara Layden,12/3/20,9:30,C. reinhardtii,3,19,A,7,4,153833.31,
Tamara Layden,12/3/20,9:30,C. reinhardtii,3,19,B,7,4,94327.21,
Tamara Layden,12/3/20,9:30,C. reinhardtii,3,19,C,7,4,113243.78,
Tamara Layden,12/3/20,9:31,C. reinhardtii,3,22,A,8,4,11957.96,
Tamara Layden,12/3/20,9:31,C. reinhardtii,3,22,B,8,4,7770.78,
Tamara Layden,12/3/20,9:31,C. reinhardtii,3,22,C,8,4,14330.09,
Tamara Layden,12/3/20,9:31,C. reinhardtii,3,25,A,9,4,23.08,
Tamara Layden,12/3/20,9:31,C. reinhardtii,3,25,B,9,4,20.91,
Tamara Layden,12/3/20,9:31,C. reinhardtii,3,25,C,9,4,21.44,
Tamara Layden,12/3/20,9:32,C. reinhardtii,3,2,A,1,5,6118.34,
Tamara Layden,12/3/20,9:32,C. reinhardtii,3,2,B,1,5,5969.22,
Tamara Layden,12/3/20,9:32,C. reinhardtii,3,2,C,1,5,7891.27,
Tamara Layden,12/3/20,9:32,C. reinhardtii,3,5,A,2,5,8264.84,
Tamara Layden,12/3/20,9:32,C. reinhardtii,3,5,B,2,5,7397.52,
Tamara Layden,12/3/20,9:32,C. reinhardtii,3,5,C,2,5,12342.55,
Tamara Layden,12/3/20,9:32,C. reinhardtii,3,8,A,3,5,30324.79,
Tamara Layden,12/3/20,9:33,C. reinhardtii,3,8,B,3,5,22078.27,
Tamara Layden,12/3/20,9:33,C. reinhardtii,3,8,C,3,5,25354.22,
Tamara Layden,12/3/20,9:33,C. reinhardtii,3,11,A,4,5,80010.53,
Tamara Layden,12/3/20,9:33,C. reinhardtii,3,11,B,4,5,40244.08,
Tamara Layden,12/3/20,9:33,C. reinhardtii,3,11,C,4,5,81027,
Tamara Layden,12/3/20,9:33,C. reinhardtii,3,14,A,5,5,129339.27,
Tamara Layden,12/3/20,9:34,C. reinhardtii,3,14,B,5,5,49794.93,
Tamara Layden,12/3/20,9:34,C. reinhardtii,3,14,C,5,5,190362.79,
Tamara Layden,12/3/20,9:34,C. reinhardtii,3,17,A,6,5,239703.48,
Tamara Layden,12/3/20,9:34,C. reinhardtii,3,17,B,6,5,113615.62,
Tamara Layden,12/3/20,9:34,C. reinhardtii,3,17,C,6,5,146092.89,
Tamara Layden,12/3/20,9:34,C. reinhardtii,3,20,A,7,5,107802.46,
Tamara Layden,12/3/20,9:34,C. reinhardtii,3,20,B,7,5,89318.53,
Tamara Layden,12/3/20,9:35,C. reinhardtii,3,20,C,7,5,38480.21,
Tamara Layden,12/3/20,9:35,C. reinhardtii,3,23,A,8,5,7112.32,
Tamara Layden,12/3/20,9:35,C. reinhardtii,3,23,B,8,5,8239.33,
Tamara Layden,12/3/20,9:35,C. reinhardtii,3,23,C,8,5,3831.52,
Tamara Layden,12/3/20,9:35,C. reinhardtii,3,26,A,9,5,22.15,
Tamara Layden,12/3/20,9:35,C. reinhardtii,3,26,B,9,5,18.89,
Tamara Layden,12/3/20,9:35,C. reinhardtii,3,26,C,9,5,20.36,
Tamara Layden,12/3/20,9:36,C. reinhardtii,3,3,A,1,6,4913.48,
Tamara Layden,12/3/20,9:36,C. reinhardtii,3,3,B,1,6,5165.5,
Tamara Layden,12/3/20,9:36,C. reinhardtii,3,3,C,1,6,5438.1,
Tamara Layden,12/3/20,9:36,C. reinhardtii,3,6,A,2,6,13848.39,
Tamara Layden,12/3/20,9:36,C. reinhardtii,3,6,B,2,6,24358.69,
Tamara Layden,12/3/20,9:36,C. reinhardtii,3,6,C,2,6,14698.02,
Tamara Layden,12/3/20,9:36,C. reinhardtii,3,9,A,3,6,31784.72,
Tamara Layden,12/3/20,9:37,C. reinhardtii,3,9,B,3,6,38892.89,
Tamara Layden,12/3/20,9:37,C. reinhardtii,3,9,C,3,6,134914.31,
Tamara Layden,12/3/20,9:37,C. reinhardtii,3,12,A,4,6,84594.28,
Tamara Layden,12/3/20,9:37,C. reinhardtii,3,12,B,4,6,78574.02,
Tamara Layden,12/3/20,9:37,C. reinhardtii,3,12,C,4,6,53456.9,
Tamara Layden,12/3/20,9:37,C. reinhardtii,3,15,A,5,6,243747.25,
Tamara Layden,12/3/20,9:38,C. reinhardtii,3,15,B,5,6,98314.21,
Tamara Layden,12/3/20,9:38,C. reinhardtii,3,15,C,5,6,1413815.75,low volume
Tamara Layden,12/3/20,9:38,C. reinhardtii,3,18,A,6,6,237215.76,
Tamara Layden,12/3/20,9:38,C. reinhardtii,3,18,B,6,6,72937.16,
Tamara Layden,12/3/20,9:38,C. reinhardtii,3,18,C,6,6,814757.62,low volume
Tamara Layden,12/3/20,9:39,C. reinhardtii,3,21,A,7,6,61802.38,
Tamara Layden,12/3/20,9:39,C. reinhardtii,3,21,B,7,6,58118.21,
Tamara Layden,12/3/20,9:39,C. reinhardtii,3,21,C,7,6,42392.13,low volume
Tamara Layden,12/3/20,9:39,C. reinhardtii,3,24,A,8,6,2062.75,
Tamara Layden,12/3/20,9:39,C. reinhardtii,3,24,B,8,6,1511.93,
Tamara Layden,12/3/20,9:39,C. reinhardtii,3,24,C,8,6,631.69,
Tamara Layden,12/3/20,9:39,C. reinhardtii,3,27,A,9,6,25.7,
Tamara Layden,12/3/20,9:40,C. reinhardtii,3,27,B,9,6,21.89,
Tamara Layden,12/3/20,9:40,C. reinhardtii,3,27,C,9,6,51.79,